Artist,dcinside_ID
AKMU (악뮤),akdong
NewJeans,newjeans
정국,jungkook
전소미,jeonsomi
박재정,jjp
화사(Hwa Sa),hwasa
IVE (아이브),starshipgirls
우디(Woody),woody0
STAYC(스테이씨),stayc
(여자)아이들,idlesong
LE SSERAFIM (르세라핌),lesserafim
Lauv,lauv
aespa,aespa
로이킴,roykim
윤하,yunha
BIG Naughty (서동현),bignaughty
Paul Blanco,paulblanco
RIIZE,riize
ITZY (있지),itzy
성시경,sikyung
임영웅,youngwoong
DK,narcdk
잔나비,band_jannabi
탑현,
Charlie Puth,charliputh
V,btsv
멜로망스(Melomance),melomance
세븐틴,seventeen
크러쉬 (CRUSH),crush
H1-KEY,h1key
지수 (JISOO),jisoo95
임한별,onestar
김민석,tenorkms
NCT U,nctu
이세계 아이돌,leesedol
허각,huhgak
부석순 (SEVENTEEN),bss
디오 (D.O.),dohkyungsoo
케이시 (Kassy),kassy
#안녕,
우효 (OOHYO),oohyo
지민,btsjimin
FIFTY FIFTY,fiftyfifty
NCT DREAM,nctdream
방탄소년단,bts
이무진,leemujin
폴킴,paulinlove
제이세라 (J-Cera),
Agust D,
테이 (Tei),tei
지아 (Zia),zzangbourzia860721
오마이걸 (OH MY GIRL),ohmygirl
10cm,10cm
경서,kyeongseo
Doja Cat,dojacat
던 (DAWN),
권은비,kwoneunbi
바이브 (Vibe),vibe
미연 ((여자)아이들),miyeon
너드커넥션 (Nerd Connection),nerd_connection
아이유 (IU),iu_new
릴러말즈 (Leellamarz),leellamarz
BOYNEXTDOOR,boynextdoor_koz
임재현,limjaehyun1021
YOASOBI,yoasobi
BLACKPINK,blackpink
DAY6,day6
백아,95_baek_a
imase,imase
영탁,youngtak
주호,solojuho
Justin Bieber,45678
KISS OF LIFE,kissoflife
거미,gummy
지코 (ZICO),zico
Anne-Marie,annemarie
죠지,leegeorgezzang
비투비 (BTOB),btob
WSG워너비 (가야G),gayag
Yyeon,yyeonlove
ZEROBASEONE (제로베이스원),bp1debut
이채연,leechaeyeon
Sondia,
에일리 (Ailee),ailee
노을,noel
백예린,soulyerin1
Sam Smith,samsmith
"허용별 (허각, 신용재, 임한별)",hyb
Ed Sheeran,edsheeran
데이먼스 이어 (Damons Year),damonsyear
NMIXX,nmixx
마크툽 (Maktub),maktub
헤이즈 (Heize),girl_heize
김승민,seungmin
엠씨더맥스 (M.C The Max),mcthemax
Yuuri,yuurri
BE`O (비오),beo
태연 (TAEYEON),taeyeon_new1
NCT 127,nct127
제니 (JENNIE),jennie
김호중,hojoong
최유리,choiyuree
dori,dorii
온앤오프 (ONF),onf
투모로우바이투게더,txt
쿠기 (Coogie),coogie
이효리,leehyolee
선미,sunmi
PLAVE,plave
빅마마 (BigMama),bigmama
양다일,yangdail
로꼬 (LOCO),satgotloco1989
정승환,jsh
포지션,
김필,feelkim
태민 (TAEMIN),taemin
황영웅,herohwangtrot
범진,
에픽하이 (EPIK HIGH),epikhigh
기리보이(Giriboy),giriboy
박은빈,eunbin
Stray Kids (스트레이 키즈),straykids
포레스텔라(Forestella),forestella
Ariana Grande,ari
Sia,siagallery
EXO,exo_new
주주 시크릿,
경서예지,gyeongseoyeji
레드벨벳(Red Velvet),redvelvet
다비치,davichi
Mariah Carey,mariah
김나영,ny1
ENHYPEN,ilandiland
이찬원,leechanwon
Kelly Clarkson,
Alessia Cara,
DEAN,dean123
QWER,qwer_fan
더보이즈(THE BOYZ),theboyz
윈터 (WINTER),smwinter
"SG워너비, 브라운 아이드 걸스",
ATEEZ (에이티즈),ateez
BABYMONSTER,babymonster
Ava Max,ava28
Straight No Chaser,
Wham!,wham
김동률,kimdongryul
원탑,
권진아,jina
자이언티(Zion.T),ziont
VIVIZ (비비지),vivizverygood
Michael Buble,michaelbuble
볼빨간사춘기,bolbbalgan4
"이하이, 성시경",
순순희(기태),soonsoonhee
Jonas Brothers,jbros
ASH ISLAND,clloud
TWICE,twice_new
Brenda Lee,
John Legend,johnlegend
김진표,
Taylor Swift,queentaylor
린 (LYn),lyn
우주소녀,cosmicgirl
이찬혁,leechanhyuk
가호 (Gaho),
PITTA (강형호),pitta0328
2AM,2AM
츄(Chuu),kimjiwoo
안세하,nocounting
규현 (KYUHYUN),shkim
홍이삭,isaachong
소수빈,ssb49
먼데이 키즈 (Monday Kiz),mondaykiz
SF9 (에스에프나인),sf9
이지 (izi),
황치열,tj3579
장하오 (ZEROBASEONE),zhanghaomini
화곡동 청개구리,
씨스타19,
그루비룸 (GroovyRoom),groovyroom
강민경,gmg
이하이,leehi
YB (윤도현 밴드),ydh
YENA(최예나),chaeyaena
KCM,kcm
이젤 (EJel),ejel
TWS (투어스),tws
김재환,kimjaehwan
J.Tajor,
WOOZI (SEVENTEEN),leejihoon
AB6IX (에이비식스),brandnewboys
I.M (아이엠),im6
적재,jukjae
이예준,leeyejun
Ayumu Imazu,
원슈타인 (Wonstein),wonstein
창모 (CHANGMO),changmo
Benson Boone,
비비(BIBI),solobibi
텐(TEN),ten
산들,
주시크 (Joosiq),
싸이 (Psy),psy
이창섭,changsub
유겸 (YUGYEOM),yugyeom
이보람,dlqhfka
태용 (TAEYONG),tylee
CRAVITY,cravity
Natalie Jane,
승관 (SEVENTEEN),17seungkwan
조민규,chomingyu
Peder Elias,pederelias
Men`s Tear (맨스티어),menstear
Alaina Castillo,
정서주,seoju
장범준,beomjune
하이라이트(Highlight),highlight
청하,ch_freemonth
웬디 (WENDY),wendy
태일 (TAEIL),nct_taeil
"HIGH4, 아이유 (IU)",
버스커 버스커 (Busker Busker),buskerbusker
스탠딩 에그(Standing Egg),standingegg
김종국,kimjongkook
LUCY,superband_lucy
Creepy Nuts,creepynuts
고요,
아일릿(ILLIT),illit
MAX,
SUPER JUNIOR-D&E (동해&은혁),
케이윌 (K.Will),kwill
BIGBANG (빅뱅),bigbang
순순희(지환),soonsoonhee
도영 (DOYOUNG),19960201
이클립스,
우기 ((여자)아이들),yuqi
김수현,
Shawn Mendes,shawnmendes
RM,rapmon
유회승 (N.Flying),
민니 ((여자)아이들),minnie
Andy Grammer,andy83grammer
엔플라잉 (N.Flying),nflying
김형중,
종호(에이티즈),
마크 (MARK),nct_mark
tripleS (트리플에스),triplescosmos
Sabrina Carpenter,lovesabrina
멜로망스(MeloMance),melomance
혁오 (hyukoh),hyukoh
Billie Eilish,oceaneyes
하성운,nebula
TREASURE (트레저),ygtreasure
박재범,pjb
HYNN(박혜원),parklove
박지현,jihyeon
XIA(준수),junsu
나연 (TWICE),nayeone
이영지,youngji_02
Tommy Richman,
하동균,hadonggyun
연변대학최씨,
Vaundy,vaundy0606
리사 (LISA),lisa
"이영현, 박민혜",
이승윤,bgsmsyl
박서진,seojinpark
NCT WISH,nctwish
김성철,ksc
벤 (Ben),ben
Seiko Matsuda,msko
서은광,btobsilverlight
신예영,
거북이,goboogie
S.Papa,
황인욱,
숀 (SHAUN),koxxshaun
뱀뱀 (BamBam),bambam
윤산하 (ASTRO),sanha
프로미스나인 (fromis_9),fromis
"Lady Gaga, Bruno Mars",
재현 (JAEHYUN),jaehyun_970214
온유 (ONEW),onew
백현 (BAEKHYUN),baekhyun
KIXO (키조),
오반 (OVAN),ovan
다이나믹 듀오 (Dynamic Duo),dynamicduo5
프라이머리 (Primary),primary123
MEOVV (미야오),meovvv
Kenshi Yonezu,yonezkensi
