Title,Artist
Ditto,NewJeans
사건의 지평선,윤하
OMG,NewJeans
Hype boy,NewJeans
NOT SORRY (Feat. pH-1) (Prod. by Slom),이영지
Candy,NCT DREAM
ANTIFRAGILE,LE SSERAFIM (르세라핌)
After LIKE,IVE (아이브)
Attention,NewJeans
Nxde,(여자)아이들
새삥 (Prod. ZICO) (Feat. 호미들),지코 (ZICO)
마이웨이 (MY WAY) (Prod. R.Tee),"저스디스 (JUSTHIS), 던말릭 (Don Malik), 허성현 (Huh), KHAN, 맥대디 (Mckdaddy), Los"
LOVE DIVE,IVE (아이브)
Monologue,테이 (Tei)
너의 모든 순간,성시경
Cookie,NewJeans
Dreamers (Feat. FIFA Sound),"정국, 방탄소년단"
Shut Down,BLACKPINK
WHEN I MOVE,카라 (KARA)
사랑은 늘 도망가,임영웅
FEARLESS,LE SSERAFIM (르세라핌)
그대를 알고,송하예
Rush Hour (Feat. j-hope of BTS),크러쉬 (CRUSH)
사랑인가 봐,멜로망스(Melomance)
Pink Venom,BLACKPINK
잘가요,주호
해요 (2022),#안녕
그때 그 순간 그대로 (그그그),WSG워너비 (가야G)
TOMBOY,(여자)아이들
그라데이션,10cm
딱 10CM만,"10cm, BIG Naughty (서동현)"
정이라고 하자 (Feat. 10CM),BIG Naughty (서동현)
나의 X에게,경서
내가 아니라도,주호
"미운오리새끼 (Feat. 선우정아, BOBBY) (Prod. R.Tee)",허성현 (Huh)
자격지심 (Feat. ZICO),BE`O (비오)
취중고백,김민석
오르트구름,윤하
"눈 (EYE) (Feat. BIG Naughty, 저스디스 (JUSTHIS)) (Prod. R.Tee)",던말릭 (Don Malik)
ELEVEN,IVE (아이브)
That`s Hilarious,Charlie Puth
Say I Love You,우디(Woody)
다정히 내 이름을 부르면,"경서예지, 전건호"
Snowman,Sia
첫사랑,백아
그댄 행복에 살텐데 (2022),최유리
보고싶었어,WSG워너비 (4FIRE)
"모든 날, 모든 순간 (Every day, Every Moment)",폴킴
LOVE me,BE`O (비오)
눈이 오잖아 (Feat.헤이즈),이무진
아픈 나를,성시경
그 겨울이 잠든 거리에서,"경서예지, 전건호"
우리들의 블루스,임영웅
위하여 (We Higher) (Prod. GroovyRoom),"그루비룸 (GroovyRoom), 릴보이 (lIlBOI), Blase (블라세), 노윤하, Polodared, Chillin Homie, Fleeky Bang"
Stay,"The Kid LAROI, Justin Bieber"
우린 그렇게 사랑해서,"강민경, 잔나비"
주저하는 연인들을 위해,잔나비
밤하늘의 별을(2020),경서
떠나보낼 준비해 둘걸 그랬어,임한별
"빡 (Feat. 팔로알토 (Paloalto), 저스디스 (JUSTHIS)) (Prod. R.Tee)",던말릭 (Don Malik)
내 기쁨은 너가 벤틀리를 끄는 거야,김승민
새벽에 걸려온 너의 전화는,한동근
도깨비불 (Illusion),aespa
"나침반 (Feat. UNEDUCATED KID, 수퍼비 (SUPERBEE)) (Prod. R.Tee)",KHAN
다시 만날 수 있을까,임영웅
FOREVER 1,소녀시대
이 소설의 끝을 다시 써보려 해,테이 (Tei)
I Don`t Think That I Like Her,Charlie Puth
That That (prod. & feat. SUGA of BTS),싸이 (Psy)
"WITCH (Feat. 박재범, So!YoON!) (Prod. by Slom)",이영지
봄여름가을겨울 (Still Life),BIGBANG (빅뱅)
Love story,볼빨간사춘기
이제 나만 믿어요,임영웅
Dynamite,방탄소년단
드라마,아이유 (IU)
흩어지지 않게,엠씨더맥스 (M.C the MAX)
Graduation,NCT DREAM
SNEAKERS,ITZY (있지)
Made You Look,Meghan Trainor
Unholy,"Sam Smith, Kim Petras"
Feel My Rhythm,레드벨벳(Red Velvet)
봄날,방탄소년단
Butter,방탄소년단
무지개,임영웅
strawberry moon,아이유 (IU)
첫 눈,EXO
London Boy,임영웅
신호등,이무진
All I Want For Christmas Is You,Mariah Carey
Madness,문빈&산하
스티커 사진,21학번
INVU,태연 (TAEYEON)
DEJAVU (Feat. 박재범) (Prod. by Slom),이영지
Santa Tell Me,Ariana Grande
Off My Face,Justin Bieber
아버지,임영웅
Polaroid,임영웅
POP!,나연 (TWICE)
Next Level,aespa
내 손을 잡아,아이유 (IU)
사랑한다고 말해줘,탑현
한 페이지가 될 수 있게,DAY6
"어떻게 이별까지 사랑하겠어, 널 사랑하는 거지",AKMU (악뮤)
Dangerously,Charlie Puth
Permission to Dance,방탄소년단
"회전목마 (Feat. Zion.T, 원슈타인) (Prod. Slom)",sokodomo
Celebrity,아이유 (IU)
WE (Feat. 박재범) (Prod. by Slom),"이영지, 토이고 (toigo), 제이켠 (J`Kyun), 잠비노 (Jambino), XINSAYNE"
미리 메리 크리스마스 (Feat. 천둥),아이유 (IU)
Fuckin′ New Year,백예린
첫눈처럼 너에게 가겠다,에일리 (Ailee)
고백연습,경서
I`m Sorry,에일리 (Ailee)
Yet To Come,방탄소년단
Left and Right (Feat. Jung Kook of BTS),"Charlie Puth, 정국, 방탄소년단"
SMILEY (Feat. BIBI),YENA(최예나)
희재,성시경
문 (Moon),NCT DREAM
Girls,aespa
오르골 (Life Is Still Going On),NCT DREAM
The Drum,Alan Walker
밤편지,아이유 (IU)
인생찬가,임영웅
A bientot,임영웅
Tangerine Love (Favorite),NCT DREAM
DICE,NMIXX
으리으리 (Feat. 호미들),NSW yoon
발자국 (Walk With You),NCT DREAM
늦은 밤 헤어지긴 너무 아쉬워,케이시 (Kassy)
Cheshire,ITZY (있지)
크리스마스니까,"성시경, 박효신, 이석훈, 서인국, 빅스 (VIXX)"
추억때문에,유림
손이 참 곱던 그대,임영웅
Hurt,NewJeans
사랑해 진짜,임영웅
"HUG (Feat. Zion.T, 원슈타인) (Prod. by Slom)",이영지
Big world,백예린
너를 생각해,주시크 (Joosiq)
LAW (Prod. Czaer),"윤미래, 비비(BIBI)"
이루리,우주소녀
STEP,카라 (KARA)
I`m Not The Only One,Sam Smith
비싼 숙취,이승윤
연애편지,임영웅
OHAYO MY NIGHT,"디핵 (D-Hack), PATEKO(파테코)"
Talk that Talk,TWICE
GANADARA (Feat. 아이유),박재범
어른,Sondia
"Flick (Feat. BE`O (비오), 김하온 (HAON)) (Prod. GroovyRoom)",노윤하
Blueming,아이유 (IU)
보금자리,임영웅
Birthday,레드벨벳(Red Velvet)
2002,Anne-Marie
GHOST TOWN,Benson Boone
라일락,아이유 (IU)
Last Christmas,Ariana Grande
"Way up (Feat. CAMO, 저스디스 (JUSTHIS)) (Prod. R.Tee)",허성현 (Huh)
너의 번호를 누르고 (Prod. 영화처럼),#안녕
팡파레,다비치
입김 (Take My Breath),NCT DREAM
Weekend,태연 (TAEYEON)
"BLUE CHECK (Feat. 박재범, 제시) (Prod. by Slom)",토이고 (toigo)
몇 번의 이별,#안녕
Loving You Girl (Feat. Hkeem),Peder Elias
When I Get Old,"Christopher, 청하"
MY BAG,(여자)아이들
그래서 그대는,이영현
바보에게 바보가 (웹툰 `연애의 발견` X 이석훈),이석훈
통화연결음,"보라미유, MJ"
KICK BACK,Kenshi Yonezu
듣고 싶을까,MSG워너비(M.O.M)
선물,멜로망스(Melomance)
겨울잠,아이유 (IU)
Bad Habits,Ed Sheeran
에잇 (Prod.&Feat. SUGA of BTS),아이유 (IU)
리무진 (Feat. MINO) (Prod. GRAY),BE`O (비오)
I Ain`t Worried,OneRepublic
Bad,Christopher
거리에서,성시경
오늘도 빛나는 너에게 (To You My Light) (Feat.이라온),마크툽 (Maktub)
Impurities,LE SSERAFIM (르세라핌)
시작,가호 (Gaho)
고백,멜로망스(Melomance)
사랑하긴 했었나요 스쳐가는 인연이었나요 짧지않은 우리 함께했던 시간들이 자꾸 내 마음을 가둬두네,잔나비
눈사람,정승환
바라만 본다,MSG워너비(M.O.M)
그중에 그대를 만나,김호중
Love Yourself,Justin Bieber
취기를 빌려 (취향저격 그녀 X 산들),산들
See you ! (Feat. SOLE (쏠)) (Prod. R.Tee),허성현 (Huh)
"Diamonds (Feat. 릴보이 (lIlBOI), Spray)",Blase (블라세)
너였다면,정승환
Vancouver,BIG Naughty (서동현)
찰나가 영원이 될 때 (The Eternal Moment),마크툽 (Maktub)
Crazy,Gnarls Barkley
들꽃놀이 (with 조유진),RM
One Call Away,Charlie Puth
헤픈 우연,헤이즈 (Heize)
늦은 밤 너의 집 앞 골목길에서,노을
Beautiful Liar,몬스타엑스
VIBE (feat. Jimin of BTS),태양
눈의 꽃 (雪の華),마크툽 (Maktub)
Daydream,몬스타엑스
Puzzle,SF9 (에스에프나인)
가슴으로 운다,김연지
LONE RANGER,몬스타엑스
춤사위 (Crescendo),몬스타엑스
Deny,몬스타엑스
괜찮아,몬스타엑스
Kill Bill,SZA
사랑했어,"전상근, YUICHIRO"
마지막 사랑,신예영
Shape of You,Ed Sheeran
12:45 (Stripped),Etham
My Universe,"Coldplay, 방탄소년단"
I ≠ DOLL,허윤진
사랑해도 될까요,양다일
Love War (Feat. BE`O),YENA(최예나)
니 번호가 뜨는 일,이예준
Stamp On It,GOT the beat
손을 마주 잡고,BIG Naughty (서동현)
Light Switch,Charlie Puth
"사이렌 Remix (Feat. UNEDUCATED KID, Paul Blanco)",호미들
I Still Love You,나얼
Attention,Charlie Puth
시든 꽃에 물을 주듯,HYNN(박혜원)
예뻤어,DAY6
Blue Flame,LE SSERAFIM (르세라핌)
Good Parts (when the quality is bad but I am),LE SSERAFIM (르세라핌)
추억은 만남보다 이별에 남아,정동하
언제나 사랑해,케이시 (Kassy)
"스물다섯, 스물하나",자우림
Savage,aespa
당신을 만나,"김호중, 송가인"
네가 보고 싶은 건 자연스러운 거겠지,신예영
Sugar Rush Ride,투모로우바이투게더
꿈의 거처,이승윤
나의 목소리로,김호중
그대가 내 안에 박혔다(그내박),순순희(기태)
Devil by the Window,투모로우바이투게더
Wonder Why,경서
Tinnitus (돌멩이가 되고 싶어),투모로우바이투게더
네버랜드를 떠나며,투모로우바이투게더
MOONLIGHT SUNRISE,TWICE
Happy Fools (feat. Coi Leray),투모로우바이투게더
안부 (Miracle),"웬디 (WENDY), 멜로망스(MeloMance)"
나는 설렜어,주시크 (Joosiq)
Fall In Love Alone,Stacey Ryan
No Celestial,LE SSERAFIM (르세라핌)
Flowers,Miley Cyrus
Ay-Yo,NCT 127
친구로 지내다 보면 (Feat. 김민석 of 멜로망스),BIG Naughty (서동현)
혼자서 걸어요 (Prod. by 나얼),태연 (TAEYEON)
DJ,NCT 127
Good Boy Gone Bad,투모로우바이투게더
Catch (Feat. 화사),에픽하이 (EPIK HIGH)
Skyscraper (摩天樓; 마천루),NCT 127
Trippy,빈지노 (Beenzino)
LO$ER=LO♡ER,투모로우바이투게더
PULL UP,VIVIZ (비비지)
그댈 위한 노래,거미
0X1=LOVESONG (I Know I Love You) (Feat. Seori),투모로우바이투게더
세상에 없는 계절,임재현
교환일기 (두밧두 와리와리),투모로우바이투게더
I`m Not Here To Make Friends,"Sam Smith, Jessie Reyez, Calvin Harris"
Every Second,Mina Okabe
파이팅 해야지 (Feat. 이영지),부석순 (SEVENTEEN)
7시에 들어줘 (Feat. Peder Elias),부석순 (SEVENTEEN)
LUNCH,부석순 (SEVENTEEN)
우리가 맞다는 대답을 할 거예요 (@leekangseung111),10cm
멍청이,임창정
HOT,세븐틴
그런 날이 올까요,정승환
Poppy (Korean Ver.),STAYC(스테이씨)
건물 사이에 피어난 장미 (Rose Blossom),H1-KEY
헤어지던 밤,보라미유
다시 사랑한다면 (니글니글 버터플라이),김필
거침없이,부석순 (SEVENTEEN)
Endless,허각
_WORLD,세븐틴
HEARTBREAK ANNIVERSARY,Giveon
Teddy Bear,STAYC(스테이씨)
Killer,키 (KEY)
Yesterday,박재범
지금 고백합니다,MSG워너비(M.O.M)
NIGHT DANCER,imase
Love Is Ugly (Feat. 화사),박재범
"Peaches (Feat. Daniel Caesar, Giveon)",Justin Bieber
"10,000 Hours","Dan + Shay, Justin Bieber"
ROAR,더보이즈(THE BOYZ)
풍등,이찬원
심(心),DK
이젠 안녕,투모로우바이투게더
영원 (Forever),정동원
나였으면,전상근
Akita (Feat. hartts) (Prod. OBSN),BE`O (비오)
Lemon,Kenshi Yonezu
BETELGEUSE,Yuuri
이러면 안 될 거 아는데 너 앞에만 서면 나락 (Feat. 10CM),딘딘 (DINDIN)
사랑하기 싫어,지아 (Zia)
how deep?,Tai Verdes
너와 함께,김민석
걸음을 멈추는 날,나얼
on the street (with J. Cole),"j-hope,  J. Cole"
사랑이라 믿었던 것들은 (Feat. 이수현),BIG Naughty (서동현)
나비무덤,포맨 (4MEN)
Hidden Side,황민현
다시 와주라,노을
건배,이찬원
안녕 신촌,포스트맨 (Postmen)
Die For You (Remix),"The Weeknd, Ariana Grande"
하루에 하나씩,폴킴
Ai Wo Tsutaetaidatoka,aimyon
흔들리는 꽃들 속에서 네 샴푸향이 느껴진거야,장범준
넌 이별 난 아직,"CHEEZE (치즈), MJ"
Rising,tripleS (트리플에스)
CHRISTIAN,Zior Park
O (Circle),온유 (ONEW)
혼자가 아닌 나,정효빈
Nostalgia,우디(Woody)
"55 (Feat. 백예린, 웬디)",코드 쿤스트 (CODE KUNST)
Groovy,CRAVITY
나와 함께 가시렵니까,이찬원
오랜만이야,한동근
Expectations,"Anne-Marie, 민니 ((여자)아이들), (여자)아이들"
우연히 봄,"로꼬 (LOCO), 유주 (YUJU)"
SET ME FREE,TWICE
봄 사랑 벚꽃 말고,"HIGH4, 아이유 (IU)"
뻔한 발라드,BIG Naughty (서동현)
"하나,둘 (Feat. 펀치 (Punch))",김승민
Rover,카이 (KAI)
Set Me Free Pt.2,지민
그대라는 사치,임창정
결국엔 너에게 닿아서,WSG워너비 (가야G)
너는 기억한다,폴킴
"Young, Dumb, Stupid",NMIXX
"Jumper (Feat. 개코, MINO)",코드 쿤스트 (CODE KUNST)
너 하나 빼는 일,허각
"나만, 봄",볼빨간사춘기
널 떠올리는 중이야,"PATEKO (파테코), Jayci Yucca(제이씨 유카), Kid Wine"
벚꽃 엔딩,버스커 버스커 (Busker Busker)
すずめ / Suzume (Feat. Toaka (토아카/十明)),RADWIMPS
사랑의 인사,김연지
Like Crazy,지민
너를 보는게 지친 하루에,송하예
되돌리다,먼데이 키즈 (Monday Kiz)
Love Me Like This,NMIXX
Face-off,지민
Alone,지민
아모르 파티,이홍기
낮에 뜨는 달 (낮에 뜨는 달 X 안예은),안예은
Interlude : Dive,지민
Like Crazy (English Version),지민
불이 꺼지고,"선미, BE`O (비오)"
나쁜놈 (Chico malo),마마무+
CIRCLE (Feat. Crush),코드 쿤스트 (CODE KUNST)
밤이 무서워요 (Lonely Night),주주 시크릿
봄바람,김재환
Kitsch,IVE (아이브)
꽃,지수 (JISOO)
Sour & Sweet,뱀뱀 (BamBam)
잠깐나올래,RUSUK
봄이 좋냐??,10cm
Eyes Closed,Ed Sheeran
꽃,양다일
All Eyes On Me,지수 (JISOO)
Love Blossom (러브블러썸),케이윌 (K.Will)
미친거니,포맨 (4MEN)
"낭만교향곡 (Feat. CHANGMO, 박재범)",BIG Naughty (서동현)
GGBB,마마무+
그런 사랑은 없어,황치열
꽃송이가,버스커 버스커 (Busker Busker)
Zero,NewJeans
사람 Pt.2 (feat. 아이유),Agust D
That`s Not How This Works (feat. Dan + Shay),Charlie Puth
사랑하지 않아서 그랬어,임한별
발걸음,DK
빙글빙글 (Prod. R.Tee),헤이즈 (Heize)
Cupid,FIFTY FIFTY
Golden Hour,마크 (MARK)
D N D,에이핑크(Apink)
바보가슴,"송하예, 한빈 (포맨)"
비도 오고 그래서 (Feat. 신용재),헤이즈 (Heize)
Polaroid Love,ENHYPEN
Say My Name,Say Yes!
봄봄봄,로이킴
I AM,IVE (아이브)
Blue Blood,IVE (아이브)
가질 수 없는 너,#안녕
Lips,IVE (아이브)
NOT YOUR GIRL,IVE (아이브)
Mine,IVE (아이브)
Heroine,IVE (아이브)
섬찟 (Hypnosis),IVE (아이브)
Cupid (Twin Ver.),FIFTY FIFTY
다시 사랑한다면,한동근
가장 아름다운 시간이었다,주호
궁금해 (Next Page),IVE (아이브)
Shine With Me,IVE (아이브)
Cherish,IVE (아이브)
빛이 나는 너에게,던 (DAWN)
Over Me,Overdose
"En Garde (준비,시작!)",En Butter
눈을 감고 귀를 막아도,"백지영, 길구봉구"
Perfume,NCT 도재정
FRIEND THE END,볼빨간사춘기
Chase Love Hard (Feat. 황민현),볼빨간사춘기
사랑이 이별이 돼 가는 모습이,볼빨간사춘기
해금,Agust D
Kiss,NCT 도재정
후유증 (Can We Go Back),NCT 도재정
Dive,NCT 도재정
Strawberry Sunday,NCT 도재정
푸른 밤 이 노래,"조이(JOY), 하동균"
Rome,볼빨간사춘기
안녕 (Ordinary),NCT 도재정
좋은 꿈 꿔 0224.mp3,볼빨간사춘기
Higher,FIFTY FIFTY
KNOCK,이채연
헤어지자 말해요,박재정
손오공,세븐틴
F*ck My Life,세븐틴
먼지,세븐틴
April shower,세븐틴
Fire,세븐틴
I Don`t Understand But I Luv U,세븐틴
나의 마음에 (Seed),태양
Heaven(2023),임재현
슝! (feat. LISA of BLACKPINK),태양
Hello,백현 (BAEKHYUN)
Jelly Pop,BOYS PLANET
Sunday Night Drive,박재범
アイドル,YOASOBI
물론,허각
UNFORGIVEN (feat. Nile Rodgers),LE SSERAFIM (르세라핌)
나의 바람 (Wind And Wish),비투비 (BTOB)
안녕이라고 말하지마,V.O.S
"이브, 프시케 그리고 푸른 수염의 아내",LE SSERAFIM (르세라핌)
No-Return (Into the unknown),LE SSERAFIM (르세라핌)
청소 (여름날 우리 X 스탠딩 에그),스탠딩 에그(Standing Egg)
Heaven,비투비 (BTOB)
봄이야,경서
Welcome To MY World (Feat. nævis),aespa
"피어나 (Between you, me and the lamppost)",LE SSERAFIM (르세라핌)
Day&Night,비투비 (BTOB)
Moon Ride,비투비 (BTOB)
Your Love,비투비 (BTOB)
Flash Forward,LE SSERAFIM (르세라핌)
Fire in the belly,LE SSERAFIM (르세라핌)
Boat,죠지
FEARLESS (2023 Ver.),LE SSERAFIM (르세라핌)
Blue Flame (2023 Ver.),LE SSERAFIM (르세라핌)
Spicy,aespa
Thirsty,aespa
Salty & Sweet,aespa
The Planet,방탄소년단
잠깐 시간 될까,이무진
I`m Unhappy,aespa
바람,윤하
ERASE ME,원어스(ONEUS)
작별인사 (Feat. Paul Blanco),ASH ISLAND
`Til We Meet Again,aespa
그리워하다,비투비 (BTOB)
퀸카 (Queencard),(여자)아이들
Allergy,(여자)아이들
사랑..그게 뭔데,지아 (Zia)
부동의 첫사랑,10cm
"Angel Pt. 1 (Feat. Kodak Black, NLE Choppa, JVKE, Muni Long)",지민
"우리 사랑 이대로 (여름날 우리 X 규현 (KYUHYUN), 정은지)","규현 (KYUHYUN), 정은지"
Heaven,HYNN(박혜원)
Lucid,(여자)아이들
NIGHT DANCER (BIG Naughty Remix),"imase, BIG Naughty (서동현)"
Paradise,(여자)아이들
All Night,(여자)아이들
어린 어른,(여자)아이들
니편이야,영탁
Bite Me,ENHYPEN
한사람만 (2023) (여름날 우리 X 이홍기 (FT아일랜드)),이홍기
왜요 왜요 왜?,PLAVE
Candy (Feat. Zion.T),박재범
FREEDOM,주헌
운다 운다,허각
한강에서 (Feat. BIG Naughty),폴킴
사랑했나봐,이창섭
여행,볼빨간사춘기
찬란한 하루,멜로망스(Melomance)
특,Stray Kids (스트레이 키즈)
첫 키스에 내 심장은 120BPM,경서
이 새벽에 전화하는 건,황인욱
상록수,이우
혼자 사랑하면 되니까,"TOIL, Kid Wine"
LOSER,AB6IX (에이비식스)
그날 밤,장혜진
Square (2017),백예린
모래 알갱이,임영웅
#menow,프로미스나인 (fromis_9)
Take Two,방탄소년단
샤랄라 (SHALALA),태용 (TAEYONG)
사실말야내가말야그게그러니까말이야,케이시 (Kassy)
우리 왜 헤어져야 해 (여름날 우리 X 전상근),전상근
사랑은 가슴이 시킨다(2023),이창섭
처음처럼,송하예
Lilith (Diablo IV Anthem),"Halsey, SUGA"
이 세상 끝까지,"먼데이 키즈 (Monday Kiz), #안녕"
작은 것들을 위한 시 (Boy With Luv) (Feat. Halsey),방탄소년단
마지막처럼,BLACKPINK
겁도 없이 (feat. BIG Naughty),B.I
BOUNCY (K-HOT CHILLI PEPPERS),ATEEZ (에이티즈)
사랑의 바보,제이세라 (J-Cera)
나에게 그대만이,탑현
헤어질 결심,거미
Let Me In,EXO
희재,이홍기
혼자라고 생각말기,임한별
"Angel Pt. 2 (Feat. JVKE, Charlie Puth, Muni Long)","지민, Fast & Furious: The Fast Saga"
삭제,이홍기
Broken Melodies,NCT DREAM
SOS,강다니엘
LOCKDOWN,이세계 아이돌
잘사니,노을
When I Was Your Man,Bruno Mars
Leave The Door Open,"Bruno Mars, Anderson .Paak, Silk Sonic"
빛이 나는 사람,김호중
That`s What I Like,Bruno Mars
pony,잔나비
사랑하지 않아서 그랬니,지아 (Zia)
Steal The Show (From “엘리멘탈”),Lauv
Treasure,Bruno Mars
개이득 (Feat. BOBBY),김재환
Uptown Funk (Feat. Bruno Mars),Mark Ronson
롤린 (Rollin`),브레이브걸스 (Brave Girls)
비행소녀,경서예지
Dun Dun Dance,오마이걸 (OH MY GIRL)
HARD,샤이니 (SHINee)
Hate Rodrigo (Feat. 우기 ((여자)아이들)),YENA(최예나)
비가 내리는 밤이면,경서 (경서예지)
Paris In The Rain,Lauv
MOVE (T5),TREASURE (트레저)
Underwater,권은비
JUICE,샤이니 (SHINee)
Bye bye my blue,백예린
뜨거운 여름밤은 가고 남은 건 볼품없지만,잔나비
"Rainy day (Feat. ASH ISLAND, Skinny Brown)",PATEKO (파테코)
비가 오면 마음껏 울어도 되니까,김연지
Satellite,샤이니 (SHINee)
Super Shy,NewJeans
Still With You,정국
여행 Again (Feat. Cautious Clay),빈지노 (Beenzino)
여름날 (feat. 하현상),볼빨간사춘기
New Jeans,NewJeans
"잘 지내자, 우리 (여름날 우리 X 로이킴)",로이킴
Roller Coaster,NMIXX
너에게 닿을게,정승환
Do It Like That,"투모로우바이투게더, Jonas Brothers"
My You,정국
Monet,빈지노 (Beenzino)
예뻤어 (여름날 우리 X 김민석 (멜로망스)),김민석
침대에서/막걸리,빈지노 (Beenzino)
990 (Feat. 김심야),빈지노 (Beenzino)
Stinky Kiss (Intro),빈지노 (Beenzino)
Coca Cola Red (Feat. oygli),빈지노 (Beenzino)
"몇 번의 여름 (여름날 우리 X TOIL, Gist)","TOIL,Gist"
낭만젊음사랑,이세계
Radio,빈지노 (Beenzino)
비행기,거북이
Seven (feat. Latto) - Clean Ver.,정국
Cream Soda,EXO
사랑해요 그대를,임영웅
In Bloom,ZEROBASEONE (제로베이스원)
"애인이 되어줄게요 (Prod. 알고보니, 혼수상태)",김호중
I WANT,IVE (아이브)
"여자는 말 못하고, 남자는 모르는 것들",정동하
Hear Me Out,EXO
잊는 법,이예준
Party O`Clock,NMIXX
New Kidz on the Block,ZEROBASEONE (제로베이스원)
우주먼지 (and I),ZEROBASEONE (제로베이스원)
Cinderella,EXO
Our Season,ZEROBASEONE (제로베이스원)
Regret It,EXO
Seven (feat. Latto) - Explicit Ver.,정국
Back to ZEROBASE,ZEROBASEONE (제로베이스원)
Love Fool,EXO
ISTJ,NCT DREAM
ETA,NewJeans
Cool With You,NewJeans
Summer (Feat. BE`O (비오)),Paul Blanco
어디든 가자 (Feat. 허성현),경서
파랑 (Blue Wave),NCT DREAM
ASAP,NewJeans
Yogurt Shake,NCT DREAM
Like We Just Met,NCT DREAM
지금 술 한잔했어 (2023),"이보람, 김보경 (NEON)"
사막에서 꽃을 피우듯,우디(Woody)
Poison (모래성),NCT DREAM
Get Up,NewJeans
Skateboard,NCT DREAM
SOS,NCT DREAM
Pretzel (♡),NCT DREAM
제자리 걸음 (Starry Night),NCT DREAM
Another World,이세계 아이돌
vampire,Olivia Rodrigo
여름이 들려 (Summer Comes),오마이걸 (OH MY GIRL)
Love Me A Little,셔누X형원 (몬스타엑스)
BONA BONA,TREASURE (트레저)
민들레 (single ver.),우효 (OOHYO)
좋은 밤 좋은 꿈,너드커넥션 (Nerd Connection)
Cruel Summer,Taylor Swift
폼미쳤다,영탁
CAKE,ITZY (있지)
값,영탁
New Emotions,인피니트 (Infinite)
우길걸우겨,영탁
Dolphin,오마이걸 (OH MY GIRL)
Forever Young,BLACKPINK
LIP GLOSS,더보이즈(THE BOYZ)
트위스트고고,이찬원
Horizon,재현 (JAEHYUN)
Love Me Again,V
Fast Forward,전소미
Rainy Days,V
Shine,리베란테 (Libelante)
Love U Like That,Lauv
KIDDING,이세계 아이돌
Bubble,STAYC(스테이씨)
거리에서 (Feat. ASH ISLAND),릴러말즈 (Leellamarz)
그대만 있다면 (여름날 우리 X 너드커넥션 (Nerd Connection)),너드커넥션 (Nerd Connection)
Better Things,aespa
AEAO,"다이나믹 듀오 (Dynamic Duo), DJ Premier"
Love Lee,AKMU (악뮤)
후라이의 꿈,AKMU (악뮤)
미친 사랑의 노래,"김연지, DK"
여섯 번째 여름,PLAVE
달빛에 그려지는,미연 ((여자)아이들)
Sugarcoat (NATTY Solo),KISS OF LIFE
I Just Love Ya,PLAVE
Dear. PLLI,PLAVE
Killin` Me Good,지효 (TWICE)
Happiness,"허용별 (허각, 신용재, 임한별)"
Miracle (우리라는 기적),포르테나 (Fortena)
Baggy Jeans,NCT U
언젠간 괜찮아질 이야기,"헤이즈 (Heize), 정승환"
그런 일은,Paul Blanco
Memories,RIIZE
연모(戀慕),양요섭
쉿 (Shhh),KISS OF LIFE
DINOSAUR,AKMU (악뮤)
독백,정동원
"Smoke (Prod. Dynamicduo, Padi)","다이나믹 듀오 (Dynamic Duo), 이영지"
Click Like (Prod. Crush) (Feat. Paul Blanco),크러쉬 (CRUSH)
Slow Dancing,V
I Love My Body,화사(Hwa Sa)
Get A Guitar,RIIZE
트월ㅋ (Prod. Czaer),"미연 ((여자)아이들), 우기 ((여자)아이들)"
뭣 같아,BOYNEXTDOOR
KOOL,포레스텔라(Forestella)
Blue,V
오랜 날 오랜 밤,AKMU (악뮤)
For Us,V
나의 별이 돼주오,김필
200%,AKMU (악뮤)
Give Love,AKMU (악뮤)
낙하 (with 아이유),AKMU (악뮤)
아름다운 구속,NewJeans
Good & Great,키 (KEY)
Hello,재찬
Never Ending Story,김민석
사랑이라 쓰고 이별이라 읽어,송하예
Paint The Town Red,Doja Cat
별 떨어진다 (I Do),디오 (D.O.)
가을밤에 든 생각,잔나비
"Swipe (Prod. C-Young, Alawn)","태용 (TAEYONG), 텐 (TEN)"
Vancouver 2,BIG Naughty (서동현)
Somebody,디오 (D.O.)
그냥 그렇게 됐어,지아 (Zia)
이럴거면,거미
yours,데이먼스 이어 (Damons Year)
이제 우리 꿈에서만 만나,Yyeon
기적 (Wonder),디오 (D.O.)
한 개도 몰라 (Feat. meenoi),릴러말즈 (Leellamarz)
Either Way,IVE (아이브)
3D (feat. Jack Harlow),정국
가을 타나 봐,바이브 (Vibe)
Rewrite The Stars,"Zac Efron, Zendaya"
OVER,이세계 아이돌
Superhero,이세계 아이돌
Trip (Feat. Hannah),릴러말즈 (Leellamarz)
가을 아침,아이유 (IU)
All For You,"정은지, 서인국"
어디에도,엠씨더맥스 (M.C The Max)
Fact Check (불가사의; 不可思議),NCT 127
You & Me,제니 (JENNIE)
너 밖엔 없더라,케이시 (Kassy)
Off The Record,IVE (아이브)
GODS,"NewJeans, League of Legends"
혼자 왔어요,"DK, 김연지"
숲,최유리
밤 (Night),dori
괜찮아도 괜찮아 (That`s okay),디오 (D.O.)
바람이 분다 (Love Effect),온앤오프 (ONF)
Do or Die,임영웅
Chili,화사(Hwa Sa)
Baddie,IVE (아이브)
Chasing That Feeling,투모로우바이투게더
Right Now (Feat. Crush),쿠기 (Coogie)
후디에 반바지,이효리
무중력 (Space),NCT 127
Angel Eyes,NCT 127
네 옆에 그 사람은 내가 아닌 다른사람,"TOIL, Kid Wine"
Parade (행진),NCT 127
I Want That,(여자)아이들
"잘 지내자, 우리",최유리
그때가 좋았어,케이시 (Kassy)
잠시라도 우리,"성시경, 나얼"
TOO MUCH,"The Kid LAROI, 정국, Central Cee"
STRANGER,선미
화 좀 풀어봐,폴킴
행복한 나를,빅마마 (BigMama)
너를 만나,폴킴
내가 할 수 없는 말,양다일
NOT OK (Feat. 민니 ((여자)아이들)),로꼬 (LOCO)
음악의 신,세븐틴
SOS (Prod. Marshmello),세븐틴
Diamond Days,세븐틴
Monster,세븐틴
Back 2 Back,세븐틴
하품,세븐틴
Headliner,세븐틴
"이쁜 여자가 좋더라 (Feat. Gist, Jayci yucca)",릴러말즈 (Leellamarz)
Perfect Night,LE SSERAFIM (르세라핌)
I Love You,포지션
Guilty,태민 (TAEMIN)
편지 한 장 (부제: 서른에 만난 첫 세상) (A letter),김호중
Standing Next to You,정국
꽃구경,황영웅
인사,범진
Yes or No,정국
Hate You,정국
Too Sad to Dance,정국
Closer to You (feat. Major Lazer),정국
Please Don`t Change (feat. DJ Snake),정국
Somebody,정국
Shot Glass of Tears,정국
"밤, 바다",최유리
Talk Saxy,RIIZE
Screen Time (Feat. Hoshi of SEVENTEEN),에픽하이 (EPIK HIGH)
뭐 어떡할까,기리보이(Giriboy)
나쁜 X (Feat. CHANGMO),릴러말즈 (Leellamarz)
Someday,박은빈
락 (樂),Stray Kids (스트레이 키즈)
CRUSH (가시),ZEROBASEONE (제로베이스원)
Drama,aespa
Snow Globe,포레스텔라(Forestella)
그날 밤,정승환
돌아와줘요 (Alone),주주 시크릿
술 한잔 해요,경서예지
사랑 참...,제이세라 (J-Cera)
MELTING POINT,ZEROBASEONE (제로베이스원)
Chill Kill,레드벨벳(Red Velvet)
지극히 사적인 얘기,다비치
흠칫 (Hmm-cheat),크러쉬 (CRUSH)
Knock Knock (Who`s There?),레드벨벳(Red Velvet)
외롭지 않아,김나영
Sweet Venom,ENHYPEN
Underneath The Tree,Kelly Clarkson
미워 (Ego),크러쉬 (CRUSH)
Make It To Christmas,Alessia Cara
DIE 4 YOU,DEAN
Discord,QWER
WATCH IT,더보이즈(THE BOYZ)
항해,윈터 (WINTER)
내일의 우리 (Ordinary Days),디오 (D.O.)
instagram,DEAN
그때 헤어지면 돼,로이킴
Must Have Love,"SG워너비, 브라운 아이드 걸스"
To. X,태연 (TAEYEON)
미친 폼 (Crazy Form),ATEEZ (에이티즈)
Melt Away,태연 (TAEYEON)
미쳐버리겠다 (MAD),BE`O (비오)
Burn It Down,태연 (TAEYEON)
All For Nothing,태연 (TAEYEON)
악몽 (Nightmare),태연 (TAEYEON)
연착,BIG Naughty (서동현)
BATTER UP,BABYMONSTER
Fabulous,태연 (TAEYEON)
Christmas Without You,Ava Max
Text Me Merry Christmas (Feat. Kristen Bell),Straight No Chaser
Last Christmas,Wham!
우리의 밤은 당신의 낮보다 아름답다,NewJeans
옛 얘기지만,김동률
Jingle Bell Rock,aespa
비의 랩소디,임재현
입술 (Feat. 10CM),헤이즈 (Heize)
"그대가 있는 곳, 언제 어디든",로이킴
Say Yes,원탑
Sonar (Breaker),NMIXX
그댄 달라요 (말하고 싶은 비밀 X 권진아),권진아
UNLOVE (prod. HONNE),자이언티(Zion.T)
MANIAC,VIVIZ (비비지)
V (Peace) (feat. AKMU),자이언티(Zion.T)
It`s Beginning To Look A Lot Like Christmas,Michael Buble
잠깐만 TIME,주주 시크릿
Merry PLLIstmas,PLAVE
스노우볼,볼빨간사춘기
사랑할 수밖에,볼빨간사춘기
에피소드,이무진
골목길 (with 성시경),"이하이, 성시경"
내 마음이 너에게 닿기를,경서
Like It`s Christmas,Jonas Brothers
12월의 기적 (Miracles in December),EXO
Santa`s Coming For Us,Sia
매일 크리스마스 (Everyday Christmas),다비치
Closer Than This,지민
Be There For Me,NCT 127
Stay With Me (Feat. Skinny Brown),ASH ISLAND
화이트 (White),폴킴
꿈,태연 (TAEYEON)
화이트 (WHITE) (Feat. 박재범),다비치
Merry & Happy,TWICE
This Christmas,태연 (TAEYEON)
그 겨울엔 네가 있어,"허용별 (허각, 신용재, 임한별)"
겨울 고백,"성시경, 박효신, 서인국, 빅스 (VIXX), 여동생"
넌 쉽게 말했지만,싱어게인3 49호 가수
Mistletoe,Justin Bieber
Rockin` Around The Christmas Tree,Brenda Lee
Oh Santa! (Feat. Ariana Grande & Jennifer Hudson),Mariah Carey
"Santa, Can`t You Hear Me","Kelly Clarkson, Ariana Grande"
Bring Me Love,John Legend
봄이 와도 (Prod. 로이킴),"박종민, 로이킴"
기억해줘요 내 모든 날과 그때를,거미
로맨틱 겨울 (Feat. 김진호),김진표
눈 (Feat. 이문세),자이언티(Zion.T)
나 홀로 집에 (Home Alone),NCT 127
곰인형 (Feat. 해금),린 (LYn)
Love 119,RIIZE
1조,이찬혁
해무 (feat. 박다울),PITTA (강형호)
사랑노래,dori
혹시 니 생각이 바뀌면,2am
여우비 (낮에 뜨는 달 X 츄 (CHUU)),츄(Chuu)
I Love You,안세하
UNTOUCHABLE,ITZY (있지)
그렇지 않아,규현 (KYUHYUN)
I Love You (Prod. 김도훈),홍이삭
머물러주오 (Prod. 안신애 & Philtre),소수빈
너를 너를 너를,먼데이 키즈 (Monday Kiz)
좋은 사람,김나영
비보라 (BIBORA),SF9 (에스에프나인)
Bad News,KISS OF LIFE
응급실,이지 (izi)
Try Again,소수빈
그대가 내 안에 박혔다,황치열
DASH,NMIXX
I WANNA KNOW,장하오 (ZEROBASEONE)
기억해줘요 내 모든 날과 그때를,화곡동 청개구리
NO MORE (MA BOY),씨스타19
시대유감 (時代遺憾) (2024 aespa Remake Ver.),aespa
"yes, and?",Ariana Grande
"Yes or No (Feat. 허윤진 of LE SSERAFIM, Crush)",그루비룸 (GroovyRoom)
소년,10cm
오늘이 마지막인 것처럼,강민경
그대가 해준 말,이하이
All Night (Feat. Saweetie),IVE (아이브)
사랑했나봐,YB (윤도현 밴드)
Good Morning,YENA(최예나)
아직 사랑하는 사람이 있어요,KCM
Nobody Knows,KISS OF LIFE
광화문에서 (At Gwanghwamun),규현 (KYUHYUN)
멸망한 사랑 (Prod. 로코베리 & LAS),이젤 (EJel)
Love wins all,아이유 (IU)
Wife,(여자)아이들
첫 만남은 계획대로 되지 않아,TWS (투어스)
Ponytail,김재환
@은영이에게,#안녕
Like I Do,J.Tajor
어떤 미래,WOOZI (SEVENTEEN)
한번만 더,소수빈
저 별들도 질투할 만큼,탑현
GRAB ME,AB6IX (에이비식스)
내일 얘기해,"릴러말즈 (Leellamarz), meenoi (미노이)"
Slowly (Feat. 헤이즈),I.M (아이엠)
Super Lady,(여자)아이들
새벽 통화,적재
널 미워하기로 했어,이예준
Obsessed,Ayumu Imazu
안 아름답고도 안 아프구나,원슈타인 (Wonstein)
사랑은 먼 길을 돌아온 메아리 같아서,2am
FWB,창모 (CHANGMO)
하루,에일리 (Ailee)
Beautiful Things,Benson Boone
내일 이별,"김나영, 신용재"
밤양갱,비비(BIBI)
나는 아픈 건 딱 질색이니까,(여자)아이들
Nightwalker,텐(TEN)
하루하루,경서예지
Thinkin` About You,H1-KEY
어땠을까 (Feat. 박정현),싸이 (Psy)
사랑에 연습이 있었다면 (Prod. 2soo),임재현
Shopper,아이유 (IU)
홀씨,아이유 (IU)
EASY,LE SSERAFIM (르세라핌)
"Shh.. (Feat. 혜인(HYEIN), 조원선 & Special Narr. 패티김)",아이유 (IU)
관객이 될게 (I stan U),아이유 (IU)
Swan Song,LE SSERAFIM (르세라핌)
천상연,이창섭
Smart,LE SSERAFIM (르세라핌)
We got so much,LE SSERAFIM (르세라핌)
Good Bones,LE SSERAFIM (르세라핌)
좋겠다,"박보람, 허각"
와이셔츠를 다렸지,"릴러말즈 (Leellamarz), 양홍원"
1분만,유겸 (YUGYEOM)
형 (兄),이보람
ONE SPARK,TWICE
WAY 4 LUV,PLAVE
TAP,태용 (TAEYONG)
Watch Me Woo!,PLAVE
우리 영화,PLAVE
버추얼 아이돌,PLAVE
From,PLAVE
Love or Die,CRAVITY
Intrusive Thoughts,Natalie Jane
민들레,승관 (SEVENTEEN)
Recuerdos de Buenos Aires,조민규
봄이 와도,로이킴
AK47,Men`s Tear (맨스티어)
속는 셈 치고 다시 만나자,케이시 (Kassy)
pocket locket,Alaina Castillo
바람 바람아,정서주
BODY,하이라이트(Highlight)
FRI(END)S,V
EENIE MEENIE (Feat. 홍중(ATEEZ)),청하
Wish You Hell,웬디 (WENDY)
자꾸만 웃게 돼,부석순 (SEVENTEEN)
"묘해, 너와",태일 (TAEIL)
we can`t be friends (wait for your love),Ariana Grande
오래된 노래,스탠딩 에그(Standing Egg)
Nectar,더보이즈(THE BOYZ)
Welcome to the Show,DAY6
HAPPY,DAY6
멈춰줘,헤이즈 (Heize)
널 제외한 나의 뇌 (Get The Hell Out),DAY6
나만 슬픈 엔딩,DAY6
사랑하게 해주라,DAY6
The Power of Love,DAY6
그게 너의 사랑인지 몰랐어,DAY6
고장난걸까,10cm
영원,DK
봄이 왔나 봐 (Prod. 양다일),김종국
개화 (Flowering),LUCY
Bling-Bang-Bang-Born,Creepy Nuts
Return,고요
Smoothie,NCT DREAM
Magnetic,아일릿(ILLIT)
너의 편이 돼 줄게,다비치
미안해 미워해 사랑해,크러쉬 (CRUSH)
UNKNOWN,NCT DREAM
BOX,NCT DREAM
icantfeelanything,NCT DREAM
숨 (Breathing),NCT DREAM
STUPID IN LOVE (feat. HUH YUNJIN of LE SSERAFIM),MAX
Love me or Leave me,DAY6
"NEURON (with 개코, 윤미래)","j-hope, 개코, 윤미래"
Carat Cake,NCT DREAM
봄 내음보다 너를,김나영
Lucky Girl Syndrome,아일릿(ILLIT)
My World,아일릿(ILLIT)
지지배(GGB),SUPER JUNIOR-D&E (동해&은혁)
Little Star,폴킴
Deja Vu,투모로우바이투게더
Siren,RIIZE
그대... 떠나도,김호중
쏜살,김호중
Fallin`,홍이삭
청혼하지 않을 이유를 못 찾았어,이무진
봄날에,김호중
함께 가 줄래,김호중
바람이 부는 날엔,김호중
별 헤는 밤,김호중
칵테일 사랑,경서
SHEESH,BABYMONSTER
고민중독,QWER
내일에서 기다릴게 (I`ll See You There Tomorrow),투모로우바이투게더
Miracle (기적은 너와 내가 함께하는 순간마다 일어나고 있어),투모로우바이투게더
Midas Touch,KISS OF LIFE
Midnight Fiction,아일릿(ILLIT)
Quarter Life,투모로우바이투게더
The Killa (I Belong to You),투모로우바이투게더
혹시 세상에 혼자 남겨진 것 같다면,우디(Woody)
Bye My Monster,온앤오프 (ONF)
좋아해요,폴킴
결국엔 당신입니다,김호중
일기,김나영
단,노을
슬픈 초대장,순순희(지환)
티라미수 케익,10cm
Say Yes,"로꼬 (LOCO), 펀치(Punch)"
By Your Side,크러쉬 (CRUSH)
"Earth, Wind & Fire",BOYNEXTDOOR
Impossible,RIIZE
Last Chance,소수빈
Promise,최유리
반딧불 (Little Light),도영 (DOYOUNG)
하늘 여행,이찬원
SPOT! (feat. JENNIE),지코 (ZICO)
새봄의 노래 (Beginning),도영 (DOYOUNG)
Fortnight (Feat. Post Malone),Taylor Swift
"Time Machine (Feat. 태연, 마크)",도영 (DOYOUNG)
소나기,이클립스
나의 바다에게 (From Little Wave),도영 (DOYOUNG)
FREAK,우기 ((여자)아이들)
떨림,dori
오늘 헤어졌어요 (2024),케이시 (Kassy)
내가 됐으면 해 (Serenade),도영 (DOYOUNG)
미치게 그리워서,안세하
MAESTRO,세븐틴
해야 (HEYA),IVE (아이브)
청춘찬가,세븐틴
Accendio,IVE (아이브)
LALALI,세븐틴
청혼,김수현
해바라기,황영웅
Spell,세븐틴
Blue Heart,IVE (아이브)
One Kiss,RIIZE
사랑을 하기는 했나 봐,"허각, 지아 (Zia)"
Ima -Even if the world ends tomorrow- (Korean Ver.),세븐틴
Ice Queen,IVE (아이브)
Honestly,RIIZE
CALL CALL CALL! (Korean Ver.),세븐틴
늦은 밤 너의 집 앞 골목길에서,이예준
WOW,IVE (아이브)
9 Days,RIIZE
Popcorn,디오 (D.O.)
RESET,IVE (아이브)
너랑 밤새고 싶어,10cm
"그래, 늘 그랬듯 언제나",이창섭
There`s Nothing Holdin` Me Back,Shawn Mendes
24H (Korean Ver.),세븐틴
온기,임영웅
Home,임영웅
Come back to me,RM
그랬나봐,유회승 (N.Flying)
Mars,디오 (D.O.)
Run Run,이클립스
꿈결같아서,민니 ((여자)아이들)
You & I,이클립스
I`ll Be There,이클립스
"나만큼 (Amaid) (Prod. Dynamicduo, Padi)",김재환
These Tears,Andy Grammer
Star,엔플라잉 (N.Flying)
만날테니까,이클립스
그랬나봐,김형중
넌 어디에,헤이즈 (Heize)
A Day,종호(에이티즈)
무슨 일 있었니,박재정
Supernova,aespa
200,마크 (MARK)
Girls Never Die,tripleS (트리플에스)
Feel the POP,ZEROBASEONE (제로베이스원)
봄눈,10cm
내 입술 따뜻한 커피처럼,"조이 (JOY), BIG Naughty (서동현)"
이별하고 나서야 깨달았어,임한별
G.T.H.O.,PITTA (강형호)
Espresso,Sabrina Carpenter
How Sweet,NewJeans
Bubble Gum,NewJeans
사랑과 우정사이,멜로망스(MeloMance)
거짓말처럼,"TOIL, Gist"
LOST!,RM
TOMBOY,혁오 (hyukoh)
LUNCH,Billie Eilish
선물,하성운
Armageddon,aespa
WORK,ATEEZ (에이티즈)
Set The Tone,aespa
Live My Life,aespa
Licorice,aespa
BAHAMA,aespa
Long Chat (#♥),aespa
Mine,aespa
Prologue,aespa
목소리 (Melody),aespa
KING KONG,TREASURE (트레저)
Blue Moon,엔플라잉 (N.Flying)
Taxi Blurr (Feat. 나띠 of KISS OF LIFE),박재범
Never Let Go,정국
Hero,AKMU (악뮤)
롱디,AKMU (악뮤)
답답해,AKMU (악뮤)
케익의 평화,AKMU (악뮤)
hey! hey!,TWS (투어스)
가장 찬란한 빛으로 쏟아지는,HYNN(박혜원)
Lips (Feat. 지젤 of aespa),볼빨간사춘기
Balloon in Love,선미
그대가 웃으면 좋아,박지현
스물한 번째 계절이 널 기다릴 테니까,XIA(준수)
ABCD,나연 (TWICE)
Boom Boom Bass,RIIZE
어젯밤 (Guitar by 박주원),정한 X 원우 (SEVENTEEN)
오래된 노래,"허각, 임한별, 이무진, 이진성, 김희재, #안녕"
Small girl (feat. 도경수(D.O.)),이영지
산책,성시경
휴지통,정한 X 원우 (SEVENTEEN)
Supernatural,NewJeans
Right Now,NewJeans
Million Dollar Baby,Tommy Richman
내게 어울릴 이별 노래가 없어 (Prod. 윤상),케이윌 (K.Will)
Cosmic,레드벨벳(Red Velvet)
Smeraldo Garden Marching Band (feat. 로꼬),"지민, 로꼬 (LOCO)"
내가 S면 넌 나의 N이 되어줘,TWS (투어스)
내가 그댈,하동균
네가 내 마음에 자리 잡았다 (Into You),엔플라잉 (N.Flying)
바람이 불지 않은 것처럼,연변대학최씨
여름이잖아 (Feat. 마크 of NCT),BIG Naughty (서동현)
사랑했던 널 지우는 일,먼데이 키즈 (Monday Kiz)
Sunflower,레드벨벳(Red Velvet)
ADHD (feat. 잠비노 (Jambino)),이영지
Sticky,KISS OF LIFE
고민중독 (Ballad Ver.),"허용별 (허각, 신용재, 임한별)"
"踊り子 (무희, odoriko)",Vaundy
애상,이무진
FOREVER,BABYMONSTER
Cheeky Icy Thang,STAYC(스테이씨)
Rockstar,리사 (LISA)
사랑했었다,"이영현, 박민혜"
폭죽타임,이승윤
폭포,이승윤
...사랑했잖아,린 (LYn)
공주에서,박서진
별아 별아,박서진
Songbird (Korean Ver.),NCT WISH
티라미수 케익 (Feat. 최유리) (원곡가수 위아더나잇),김성철
한 편의 영화 같은 널 사랑했어,벤 (Ben)
클락션 (Klaxon),(여자)아이들
Heaven,태연 (TAEYEON)
XO (Only If You Say Yes),ENHYPEN
Congratulations,DAY6
Young Man,"혁오 (hyukoh), Sunset Rollercoaster 落日飛車"
Aoi Sangosho,Seiko Matsuda
행복했던 날들이었다,DAY6
Chk Chk Boom,Stray Kids (스트레이 키즈)
삐그덕 (Walk),NCT 127
Who,지민
사랑인걸,허각
Be Mine,지민
T의 연애,탑현
Slow Dance (feat. Sofia Carson),"지민, Sofia Carson"
Rebirth (Intro),지민
사랑한다는 말의 뜻을 알아가자 (Meaning of Love),NCT 127
OST ( Feat.CHANMINA ),ASH ISLAND
Interlude : Showtime,지민
밤새도록 어떤 말을 할까 고민해 봤어,경서
Pricey,NCT 127
어린왕자,서은광
웃으며,신예영
한여름밤의 꿀,"산이 (San E), 레이나"
여름아 부탁해,권은비
다시 여기 바닷가,"싹쓰리 (유두래곤, 린다G, 비룡)"
참 다행이야,S.Papa
뜨거운 안녕 (Feat. 성시경),싸이 (Psy)
플러팅,황인욱
Brought The Heat Back,ENHYPEN
Dance The Night Away,TWICE
Way Back Home,숀 (SHAUN)
LAST PARADE,뱀뱀 (BamBam)
Dive,윤산하 (ASTRO)
Ice Cream,전소미
17,도영 (DOYOUNG)
Supersonic,프로미스나인 (fromis_9)
BIRDS OF A FEATHER,Billie Eilish
혼술하고 싶은 밤,벤 (Ben)
Pump Up The Volume!,PLAVE
Sexy In The Air,태민 (TAEMIN)
별별별 (See that?),NMIXX
도망가자 (Run With Me),로이킴
Die With A Smile,"Lady Gaga, Bruno Mars"
New Woman (Feat. ROSALIA),리사 (LISA)
처음 보는 나,죠지
혼술하고 싶은 밤,임한별
Smoke,재현 (JAEHYUN)
GOOD SO BAD,ZEROBASEONE (제로베이스원)
Classified,오마이걸 (OH MY GIRL)
CRAZY,LE SSERAFIM (르세라핌)
I`m Not The Only One,"Sam Smith, 태연 (TAEYEON)"
Rains in Heaven,NCT DREAM
녹아내려요,DAY6
매력 (beat drum),온유 (ONEW)
그녀가 웃었다,DAY6
괴물,DAY6
태양물고기,윤하
아직 거기 살아,DAY6
망겜,DAY6
도와줘요 Rock&Roll,DAY6
슈퍼슈퍼 (SuperSuper),영탁
COUNTER,DAY6
Pineapple Slice,백현 (BAEKHYUN)
I`m Fine,DAY6
사랑옥 (思郞屋),영탁
부모님 관람불가,BOYNEXTDOOR
"사랑이 죄야? (Feat. 10CM, B.I)",KIXO (키조)
위태로울걸,오반 (OVAN)
가짜 아이돌,QWER
Starry Night,FIFTY FIFTY
죽일 놈 (Guilty),다이나믹 듀오 (Dynamic Duo)
자니 (Feat. DYNAMICDUO),프라이머리 (Primary)
맹그로브,윤하
가을이 오려나,영탁
Combo,RIIZE
Nice Guy,BOYNEXTDOOR
MEOW,MEOVV (미야오)
돌멩이,BOYNEXTDOOR
스물,BOYNEXTDOOR
Dunk Shot,NCT WISH
Call Me,BOYNEXTDOOR
Zombie,DAY6
