Title,Artist,Genre,Runtime
Ditto,NewJeans,가요 / 댄스,03:06
사건의 지평선,윤하,가요 / 락,05:01
OMG,NewJeans,가요 / 댄스,03:32
Hype boy,NewJeans,가요 / 댄스,02:57
NOT SORRY (Feat. pH-1) (Prod. by Slom),이영지,가요 / 랩/힙합,03:57
Candy,NCT DREAM,가요 / 댄스,03:37
ANTIFRAGILE,LE SSERAFIM (르세라핌),가요 / 댄스,03:04
After LIKE,IVE (아이브),가요 / 댄스,02:57
Attention,NewJeans,가요 / 댄스,02:58
Nxde,(여자)아이들,가요 / 댄스,02:58
새삥 (Prod. ZICO) (Feat. 호미들),지코 (ZICO),가요 / 랩/힙합,02:27
마이웨이 (MY WAY) (Prod. R.Tee),"저스디스 (JUSTHIS), 던말릭 (Don Malik), 허성현 (Huh), KHAN, 맥대디 (Mckdaddy), Los",가요 / 랩/힙합,06:17
LOVE DIVE,IVE (아이브),가요 / 댄스,02:57
Monologue,테이 (Tei),가요 / 발라드,04:22
너의 모든 순간,성시경,OST / 드라마,04:03
Cookie,NewJeans,가요 / 댄스,03:53
Dreamers (Feat. FIFA Sound),"정국, 방탄소년단",POP / 월드뮤직,03:21
Shut Down,BLACKPINK,가요 / 랩/힙합,02:56
WHEN I MOVE,카라 (KARA),가요 / 댄스,02:58
사랑은 늘 도망가,임영웅,OST / 드라마,04:03
FEARLESS,LE SSERAFIM (르세라핌),가요 / 댄스,02:48
그대를 알고,송하예,가요 / 인디,03:37
Rush Hour (Feat. j-hope of BTS),크러쉬 (CRUSH),가요 / R&B/소울,02:57
사랑인가 봐,멜로망스(Melomance),OST / 드라마,03:05
Pink Venom,BLACKPINK,가요 / 랩/힙합,03:07
잘가요,주호,가요 / 발라드,04:14
해요 (2022),#안녕,가요 / 발라드,03:58
그때 그 순간 그대로 (그그그),WSG워너비 (가야G),가요 / 발라드,03:43
TOMBOY,(여자)아이들,가요 / 락,02:54
그라데이션,10cm,가요 / 인디,03:21
딱 10CM만,"10cm, BIG Naughty (서동현)",가요 / R&B/소울,03:16
정이라고 하자 (Feat. 10CM),BIG Naughty (서동현),가요 / 인디,03:09
나의 X에게,경서,가요 / 인디,03:08
내가 아니라도,주호,가요 / 발라드,04:08
"미운오리새끼 (Feat. 선우정아, BOBBY) (Prod. R.Tee)",허성현 (Huh),가요 / 랩/힙합,03:28
자격지심 (Feat. ZICO),BE`O (비오),가요 / 랩/힙합,03:15
취중고백,김민석,가요 / 발라드,03:48
오르트구름,윤하,가요 / 락,03:27
"눈 (EYE) (Feat. BIG Naughty, 저스디스 (JUSTHIS)) (Prod. R.Tee)",던말릭 (Don Malik),가요 / 랩/힙합,03:55
ELEVEN,IVE (아이브),가요 / 댄스,02:58
That`s Hilarious,Charlie Puth,POP / 팝,02:27
Say I Love You,우디(Woody),가요 / 발라드,03:36
다정히 내 이름을 부르면,"경서예지, 전건호",가요 / 발라드,03:51
Snowman,Sia,POP / 팝,02:46
첫사랑,백아,가요 / 블루스/포크,03:09
그댄 행복에 살텐데 (2022),최유리,가요 / 발라드,04:35
보고싶었어,WSG워너비 (4FIRE),가요 / R&B/소울,03:28
"모든 날, 모든 순간 (Every day, Every Moment)",폴킴,OST / 드라마,03:31
LOVE me,BE`O (비오),가요 / 랩/힙합,02:53
눈이 오잖아 (Feat.헤이즈),이무진,가요 / 발라드,03:52
아픈 나를,성시경,가요 / 발라드,04:16
그 겨울이 잠든 거리에서,"경서예지, 전건호",가요 / 발라드,04:07
우리들의 블루스,임영웅,가요 / 발라드,03:27
위하여 (We Higher) (Prod. GroovyRoom),"그루비룸 (GroovyRoom), 릴보이 (lIlBOI), Blase (블라세), 노윤하, Polodared, Chillin Homie, Fleeky Bang",가요 / 랩/힙합,05:22
Stay,"The Kid LAROI, Justin Bieber",POP / 팝,02:22
우린 그렇게 사랑해서,"강민경, 잔나비",가요 / 발라드,03:42
주저하는 연인들을 위해,잔나비,가요 / 인디,04:25
밤하늘의 별을(2020),경서,가요 / 인디,03:37
떠나보낼 준비해 둘걸 그랬어,임한별,가요 / 발라드,03:57
"빡 (Feat. 팔로알토 (Paloalto), 저스디스 (JUSTHIS)) (Prod. R.Tee)",던말릭 (Don Malik),가요 / 랩/힙합,03:30
내 기쁨은 너가 벤틀리를 끄는 거야,김승민,가요 / 랩/힙합,03:02
새벽에 걸려온 너의 전화는,한동근,가요 / 발라드,03:58
도깨비불 (Illusion),aespa,가요 / 댄스,03:15
"나침반 (Feat. UNEDUCATED KID, 수퍼비 (SUPERBEE)) (Prod. R.Tee)",KHAN,가요 / 랩/힙합,03:49
다시 만날 수 있을까,임영웅,가요 / 발라드,04:34
FOREVER 1,소녀시대,가요 / 댄스,03:23
이 소설의 끝을 다시 써보려 해,테이 (Tei),가요 / 발라드,04:26
I Don`t Think That I Like Her,Charlie Puth,POP / 팝,03:09
That That (prod. & feat. SUGA of BTS),싸이 (Psy),가요 / 댄스,02:55
"WITCH (Feat. 박재범, So!YoON!) (Prod. by Slom)",이영지,가요 / 랩/힙합,04:03
봄여름가을겨울 (Still Life),BIGBANG (빅뱅),가요 / 락,03:08
Love story,볼빨간사춘기,가요 / 인디,03:17
이제 나만 믿어요,임영웅,가요 / 트로트,04:03
Dynamite,방탄소년단,가요 / 댄스,03:19
드라마,아이유 (IU),가요 / 발라드,02:08
흩어지지 않게,엠씨더맥스 (M.C the MAX),가요 / 발라드,05:38
Graduation,NCT DREAM,가요 / R&B/소울,03:57
SNEAKERS,ITZY (있지),가요 / 댄스,02:59
Made You Look,Meghan Trainor,POP / 팝,02:14
Unholy,"Sam Smith, Kim Petras",POP / 팝,02:37
Feel My Rhythm,레드벨벳(Red Velvet),가요 / 댄스,03:30
봄날,방탄소년단,가요 / 댄스,04:34
Butter,방탄소년단,가요 / 댄스,02:44
무지개,임영웅,가요 / 전체,03:16
strawberry moon,아이유 (IU),가요 / 락,03:25
첫 눈,EXO,가요 / 발라드,03:28
London Boy,임영웅,가요 / 락,04:04
신호등,이무진,가요 / 락,03:52
All I Want For Christmas Is You,Mariah Carey,POP / 팝,04:02
Madness,문빈&산하,가요 / 댄스,02:57
스티커 사진,21학번,가요 / 인디,03:08
INVU,태연 (TAEYEON),가요 / 댄스,03:25
DEJAVU (Feat. 박재범) (Prod. by Slom),이영지,가요 / 랩/힙합,03:38
Santa Tell Me,Ariana Grande,POP / 팝,03:24
Off My Face,Justin Bieber,POP / 팝,02:37
아버지,임영웅,가요 / 발라드,03:58
Polaroid,임영웅,가요 / 락,03:26
POP!,나연 (TWICE),가요 / 댄스,02:48
Next Level,aespa,가요 / 댄스,03:42
내 손을 잡아,아이유 (IU),OST / 드라마,03:15
사랑한다고 말해줘,탑현,가요 / 발라드,03:19
한 페이지가 될 수 있게,DAY6,가요 / 락,03:26
"어떻게 이별까지 사랑하겠어, 널 사랑하는 거지",AKMU (악뮤),가요 / 발라드,04:50
Dangerously,Charlie Puth,POP / 팝,03:19
Permission to Dance,방탄소년단,가요 / 댄스,03:08
"회전목마 (Feat. Zion.T, 원슈타인) (Prod. Slom)",sokodomo,가요 / 랩/힙합,04:10
Celebrity,아이유 (IU),가요 / 댄스,03:16
WE (Feat. 박재범) (Prod. by Slom),"이영지, 토이고 (toigo), 제이켠 (J`Kyun), 잠비노 (Jambino), XINSAYNE",가요 / 랩/힙합,04:25
미리 메리 크리스마스 (Feat. 천둥),아이유 (IU),가요 / 전체,04:30
Fuckin′ New Year,백예린,가요 / R&B/소울,02:49
첫눈처럼 너에게 가겠다,에일리 (Ailee),OST / 드라마,03:50
고백연습,경서,가요 / 인디,03:10
I`m Sorry,에일리 (Ailee),OST / 드라마,04:16
Yet To Come,방탄소년단,가요 / 랩/힙합,03:14
Left and Right (Feat. Jung Kook of BTS),"Charlie Puth, 정국, 방탄소년단",POP / 팝,02:35
SMILEY (Feat. BIBI),YENA(최예나),가요 / 댄스,02:53
희재,성시경,OST / 한국영화,04:42
문 (Moon),NCT DREAM,가요 / 발라드,04:13
Girls,aespa,가요 / 댄스,04:00
오르골 (Life Is Still Going On),NCT DREAM,가요 / 랩/힙합,03:39
The Drum,Alan Walker,POP / 일렉트로니카,03:09
밤편지,아이유 (IU),가요 / 발라드,04:13
인생찬가,임영웅,가요 / 발라드,03:53
A bientot,임영웅,가요 / 랩/힙합,04:16
Tangerine Love (Favorite),NCT DREAM,가요 / 댄스,02:59
DICE,NMIXX,가요 / 댄스,02:46
으리으리 (Feat. 호미들),NSW yoon,가요 / 랩/힙합,03:30
발자국 (Walk With You),NCT DREAM,가요 / 댄스,03:35
늦은 밤 헤어지긴 너무 아쉬워,케이시 (Kassy),가요 / 발라드,02:44
Cheshire,ITZY (있지),가요 / 댄스,03:02
크리스마스니까,"성시경, 박효신, 이석훈, 서인국, 빅스 (VIXX)",그외장르 / 캐롤,03:45
추억때문에,유림,가요 / 발라드,04:00
손이 참 곱던 그대,임영웅,재즈 / 정통,03:15
Hurt,NewJeans,가요 / R&B/소울,02:55
사랑해 진짜,임영웅,가요 / 블루스/포크,03:59
"HUG (Feat. Zion.T, 원슈타인) (Prod. by Slom)",이영지,가요 / 랩/힙합,03:57
Big world,백예린,가요 / R&B/소울,03:54
너를 생각해,주시크 (Joosiq),가요 / 인디,03:33
LAW (Prod. Czaer),"윤미래, 비비(BIBI)",가요 / 랩/힙합,03:09
이루리,우주소녀,가요 / 댄스,03:16
STEP,카라 (KARA),가요 / 전체,03:21
I`m Not The Only One,Sam Smith,POP / 팝,03:59
비싼 숙취,이승윤,가요 / 락,03:01
연애편지,임영웅,가요 / 블루스/포크,03:35
OHAYO MY NIGHT,"디핵 (D-Hack), PATEKO(파테코)",가요 / 랩/힙합,03:59
Talk that Talk,TWICE,가요 / 댄스,02:58
GANADARA (Feat. 아이유),박재범,가요 / R&B/소울,03:24
어른,Sondia,OST / 드라마,04:19
"Flick (Feat. BE`O (비오), 김하온 (HAON)) (Prod. GroovyRoom)",노윤하,가요 / 랩/힙합,04:20
Blueming,아이유 (IU),가요 / 락,03:37
보금자리,임영웅,가요 / 트로트,02:52
Birthday,레드벨벳(Red Velvet),가요 / 댄스,03:36
2002,Anne-Marie,POP / 팝,03:07
GHOST TOWN,Benson Boone,POP / 팝,03:14
라일락,아이유 (IU),가요 / 댄스,03:34
Last Christmas,Ariana Grande,그외장르 / 캐롤,03:24
"Way up (Feat. CAMO, 저스디스 (JUSTHIS)) (Prod. R.Tee)",허성현 (Huh),가요 / 랩/힙합,04:15
너의 번호를 누르고 (Prod. 영화처럼),#안녕,가요 / 인디,04:10
팡파레,다비치,가요 / 발라드,03:29
입김 (Take My Breath),NCT DREAM,가요 / R&B/소울,03:01
Weekend,태연 (TAEYEON),가요 / 댄스,03:53
"BLUE CHECK (Feat. 박재범, 제시) (Prod. by Slom)",토이고 (toigo),가요 / 랩/힙합,03:28
몇 번의 이별,#안녕,가요 / 인디,04:26
Loving You Girl (Feat. Hkeem),Peder Elias,POP / 팝,02:52
When I Get Old,"Christopher, 청하",POP / 팝,03:05
MY BAG,(여자)아이들,가요 / 랩/힙합,02:41
그래서 그대는,이영현,가요 / 발라드,04:59
바보에게 바보가 (웹툰 `연애의 발견` X 이석훈),이석훈,가요 / 발라드,03:49
통화연결음,"보라미유, MJ",가요 / 발라드,03:00
KICK BACK,Kenshi Yonezu,J-POP / 팝,03:14
듣고 싶을까,MSG워너비(M.O.M),가요 / 발라드,02:48
선물,멜로망스(Melomance),가요 / 인디,04:21
겨울잠,아이유 (IU),가요 / 발라드,04:22
Bad Habits,Ed Sheeran,POP / 팝,03:51
에잇 (Prod.&Feat. SUGA of BTS),아이유 (IU),가요 / 락,02:48
리무진 (Feat. MINO) (Prod. GRAY),BE`O (비오),가요 / 랩/힙합,03:41
I Ain`t Worried,OneRepublic,POP / 팝,02:29
Bad,Christopher,POP / 팝,03:12
거리에서,성시경,가요 / 발라드,04:39
오늘도 빛나는 너에게 (To You My Light) (Feat.이라온),마크툽 (Maktub),가요 / 인디,04:26
Impurities,LE SSERAFIM (르세라핌),가요 / R&B/소울,03:16
시작,가호 (Gaho),OST / 드라마,03:22
고백,멜로망스(Melomance),가요 / 인디,03:54
사랑하긴 했었나요 스쳐가는 인연이었나요 짧지않은 우리 함께했던 시간들이 자꾸 내 마음을 가둬두네,잔나비,가요 / 인디,03:22
눈사람,정승환,가요 / 발라드,03:56
바라만 본다,MSG워너비(M.O.M),가요 / 발라드,03:32
그중에 그대를 만나,김호중,OST / 드라마,04:19
Love Yourself,Justin Bieber,POP / 팝,03:54
취기를 빌려 (취향저격 그녀 X 산들),산들,가요 / 인디,03:48
See you ! (Feat. SOLE (쏠)) (Prod. R.Tee),허성현 (Huh),가요 / 랩/힙합,03:45
"Diamonds (Feat. 릴보이 (lIlBOI), Spray)",Blase (블라세),가요 / 랩/힙합,04:13
너였다면,정승환,OST / 드라마,04:33
Vancouver,BIG Naughty (서동현),가요 / R&B/소울,03:36
찰나가 영원이 될 때 (The Eternal Moment),마크툽 (Maktub),가요 / 인디,04:04
Crazy,Gnarls Barkley,POP / 팝,02:58
들꽃놀이 (with 조유진),RM,가요 / 랩/힙합,04:34
One Call Away,Charlie Puth,POP / 팝,03:14
헤픈 우연,헤이즈 (Heize),가요 / R&B/소울,03:14
늦은 밤 너의 집 앞 골목길에서,노을,가요 / 발라드,03:36
Beautiful Liar,몬스타엑스,가요 / 댄스,03:03
VIBE (feat. Jimin of BTS),태양,가요 / 댄스,02:56
눈의 꽃 (雪の華),마크툽 (Maktub),가요 / 인디,05:44
Daydream,몬스타엑스,가요 / 댄스,02:26
Puzzle,SF9 (에스에프나인),가요 / 댄스,03:37
가슴으로 운다,김연지,가요 / 발라드,03:24
LONE RANGER,몬스타엑스,가요 / 댄스,03:24
춤사위 (Crescendo),몬스타엑스,가요 / 댄스,03:05
Deny,몬스타엑스,가요 / 댄스,02:53
괜찮아,몬스타엑스,가요 / 댄스,02:56
Kill Bill,SZA,POP / R&B/소울,02:34
사랑했어,"전상근, YUICHIRO",가요 / 발라드,03:58
마지막 사랑,신예영,가요 / 발라드,04:05
Shape of You,Ed Sheeran,POP / 팝,03:54
12:45 (Stripped),Etham,POP / 팝,02:59
My Universe,"Coldplay, 방탄소년단",POP / 락,03:48
I ≠ DOLL,허윤진,가요 / 락,02:30
사랑해도 될까요,양다일,가요 / 발라드,03:29
Love War (Feat. BE`O),YENA(최예나),가요 / R&B/소울,03:08
니 번호가 뜨는 일,이예준,가요 / 발라드,04:01
Stamp On It,GOT the beat,가요 / 댄스,03:53
손을 마주 잡고,BIG Naughty (서동현),OST / 드라마,03:46
Light Switch,Charlie Puth,POP / 팝,03:06
"사이렌 Remix (Feat. UNEDUCATED KID, Paul Blanco)",호미들,가요 / 랩/힙합,03:17
I Still Love You,나얼,가요 / R&B/소울,05:26
Attention,Charlie Puth,POP / 팝,03:29
시든 꽃에 물을 주듯,HYNN(박혜원),가요 / 발라드,03:19
예뻤어,DAY6,가요 / 락,04:43
Blue Flame,LE SSERAFIM (르세라핌),가요 / 댄스,03:22
Good Parts (when the quality is bad but I am),LE SSERAFIM (르세라핌),가요 / 발라드,02:36
추억은 만남보다 이별에 남아,정동하,가요 / 발라드,04:25
언제나 사랑해,케이시 (Kassy),가요 / 발라드,03:24
"스물다섯, 스물하나",자우림,가요 / 락,04:44
Savage,aespa,가요 / 댄스,03:58
당신을 만나,"김호중, 송가인",가요 / 발라드,03:59
네가 보고 싶은 건 자연스러운 거겠지,신예영,가요 / 발라드,04:07
Sugar Rush Ride,투모로우바이투게더,가요 / 댄스,03:07
꿈의 거처,이승윤,가요 / 락,04:32
나의 목소리로,김호중,가요 / 발라드,03:52
그대가 내 안에 박혔다(그내박),순순희(기태),가요 / 인디,03:37
Devil by the Window,투모로우바이투게더,가요 / 댄스,03:07
Wonder Why,경서,OST / 드라마,03:21
Tinnitus (돌멩이가 되고 싶어),투모로우바이투게더,가요 / R&B/소울,02:37
네버랜드를 떠나며,투모로우바이투게더,가요 / 락,03:01
MOONLIGHT SUNRISE,TWICE,가요 / 댄스,03:00
Happy Fools (feat. Coi Leray),투모로우바이투게더,가요 / 랩/힙합,02:36
안부 (Miracle),"웬디 (WENDY), 멜로망스(MeloMance)",가요 / 발라드,04:12
나는 설렜어,주시크 (Joosiq),가요 / 인디,03:14
Fall In Love Alone,Stacey Ryan,POP / 팝,03:25
No Celestial,LE SSERAFIM (르세라핌),가요 / 락,02:47
Flowers,Miley Cyrus,POP / 팝,03:20
Ay-Yo,NCT 127,가요 / 댄스,03:42
친구로 지내다 보면 (Feat. 김민석 of 멜로망스),BIG Naughty (서동현),가요 / 인디,03:29
혼자서 걸어요 (Prod. by 나얼),태연 (TAEYEON),가요 / 발라드,04:21
DJ,NCT 127,가요 / 랩/힙합,03:19
Good Boy Gone Bad,투모로우바이투게더,가요 / 랩/힙합,03:11
Catch (Feat. 화사),에픽하이 (EPIK HIGH),가요 / 랩/힙합,03:44
Skyscraper (摩天樓; 마천루),NCT 127,가요 / 랩/힙합,03:57
Trippy,빈지노 (Beenzino),가요 / 랩/힙합,03:28
LO$ER=LO♡ER,투모로우바이투게더,가요 / 락,03:18
PULL UP,VIVIZ (비비지),가요 / 댄스,02:56
그댈 위한 노래,거미,가요 / 발라드,03:47
0X1=LOVESONG (I Know I Love You) (Feat. Seori),투모로우바이투게더,가요 / 락,03:22
세상에 없는 계절,임재현,가요 / 인디,04:32
교환일기 (두밧두 와리와리),투모로우바이투게더,가요 / 댄스,03:08
I`m Not Here To Make Friends,"Sam Smith, Jessie Reyez, Calvin Harris",POP / 팝,03:50
Every Second,Mina Okabe,POP / 팝,03:02
파이팅 해야지 (Feat. 이영지),부석순 (SEVENTEEN),가요 / 댄스,03:25
7시에 들어줘 (Feat. Peder Elias),부석순 (SEVENTEEN),가요 / R&B/소울,03:15
LUNCH,부석순 (SEVENTEEN),가요 / 댄스,03:21
우리가 맞다는 대답을 할 거예요 (@leekangseung111),10cm,가요 / 인디,03:29
멍청이,임창정,가요 / 발라드,04:31
HOT,세븐틴,가요 / 랩/힙합,03:18
그런 날이 올까요,정승환,가요 / 발라드,04:38
Poppy (Korean Ver.),STAYC(스테이씨),가요 / 댄스,02:58
건물 사이에 피어난 장미 (Rose Blossom),H1-KEY,가요 / 댄스,03:16
헤어지던 밤,보라미유,가요 / 인디,03:51
다시 사랑한다면 (니글니글 버터플라이),김필,가요 / 발라드,04:02
거침없이,부석순 (SEVENTEEN),가요 / 댄스,03:22
Endless,허각,가요 / 락,04:11
_WORLD,세븐틴,가요 / R&B/소울,02:58
HEARTBREAK ANNIVERSARY,Giveon,POP / R&B/소울,03:17
Teddy Bear,STAYC(스테이씨),가요 / 댄스,03:10
Killer,키 (KEY),가요 / 댄스,03:51
Yesterday,박재범,가요 / R&B/소울,03:11
지금 고백합니다,MSG워너비(M.O.M),가요 / 발라드,03:59
NIGHT DANCER,imase,J-POP / 팝,03:31
Love Is Ugly (Feat. 화사),박재범,가요 / R&B/소울,03:43
"Peaches (Feat. Daniel Caesar, Giveon)",Justin Bieber,POP / 팝,03:18
"10,000 Hours","Dan + Shay, Justin Bieber",POP / 블루스/포크/컨트리,02:48
ROAR,더보이즈(THE BOYZ),가요 / 댄스,03:40
풍등,이찬원,가요 / 트로트,04:09
심(心),DK,가요 / 락,04:17
이젠 안녕,투모로우바이투게더,가요 / 발라드,04:37
영원 (Forever),정동원,가요 / 발라드,04:09
나였으면,전상근,가요 / 발라드,04:26
Akita (Feat. hartts) (Prod. OBSN),BE`O (비오),가요 / R&B/소울,03:44
Lemon,Kenshi Yonezu,J-POP / 팝,04:16
BETELGEUSE,Yuuri,J-POP / 락,03:50
이러면 안 될 거 아는데 너 앞에만 서면 나락 (Feat. 10CM),딘딘 (DINDIN),가요 / 인디,03:31
사랑하기 싫어,지아 (Zia),가요 / 발라드,03:40
how deep?,Tai Verdes,POP / 팝,02:35
너와 함께,김민석,가요 / 인디,04:22
걸음을 멈추는 날,나얼,가요 / 발라드,04:45
on the street (with J. Cole),"j-hope,  J. Cole",가요 / 랩/힙합,03:35
사랑이라 믿었던 것들은 (Feat. 이수현),BIG Naughty (서동현),가요 / R&B/소울,03:56
나비무덤,포맨 (4MEN),가요 / 발라드,04:22
Hidden Side,황민현,가요 / 댄스,02:57
다시 와주라,노을,가요 / 발라드,04:45
건배,이찬원,가요 / 트로트,03:35
안녕 신촌,포스트맨 (Postmen),가요 / 발라드,04:35
Die For You (Remix),"The Weeknd, Ariana Grande",POP / R&B/소울,03:53
하루에 하나씩,폴킴,가요 / 발라드,04:33
Ai Wo Tsutaetaidatoka,aimyon,J-POP / 팝,03:57
흔들리는 꽃들 속에서 네 샴푸향이 느껴진거야,장범준,OST / 드라마,02:49
넌 이별 난 아직,"CHEEZE (치즈), MJ",가요 / 발라드,03:34
Rising,tripleS (트리플에스),가요 / 댄스,02:40
CHRISTIAN,Zior Park,가요 / 락,03:41
O (Circle),온유 (ONEW),가요 / R&B/소울,03:17
혼자가 아닌 나,정효빈,가요 / 발라드,03:29
Nostalgia,우디(Woody),가요 / 댄스,03:06
"55 (Feat. 백예린, 웬디)",코드 쿤스트 (CODE KUNST),가요 / R&B/소울,03:07
Groovy,CRAVITY,가요 / 댄스,03:22
나와 함께 가시렵니까,이찬원,가요 / 트로트,03:55
오랜만이야,한동근,가요 / 발라드,04:41
Expectations,"Anne-Marie, 민니 ((여자)아이들), (여자)아이들",POP / 팝,03:09
우연히 봄,"로꼬 (LOCO), 유주 (YUJU)",OST / 드라마,03:21
SET ME FREE,TWICE,가요 / 댄스,03:02
봄 사랑 벚꽃 말고,"HIGH4, 아이유 (IU)",가요 / 발라드,03:15
뻔한 발라드,BIG Naughty (서동현),가요 / 발라드,03:44
"하나,둘 (Feat. 펀치 (Punch))",김승민,가요 / 발라드,03:20
Rover,카이 (KAI),가요 / 댄스,02:55
Set Me Free Pt.2,지민,가요 / 랩/힙합,03:21
그대라는 사치,임창정,가요 / 발라드,04:34
결국엔 너에게 닿아서,WSG워너비 (가야G),가요 / 발라드,03:27
너는 기억한다,폴킴,OST / 드라마,03:38
"Young, Dumb, Stupid",NMIXX,가요 / 댄스,03:11
"Jumper (Feat. 개코, MINO)",코드 쿤스트 (CODE KUNST),가요 / 랩/힙합,03:35
너 하나 빼는 일,허각,가요 / 발라드,03:37
"나만, 봄",볼빨간사춘기,가요 / 인디,03:37
널 떠올리는 중이야,"PATEKO (파테코), Jayci Yucca(제이씨 유카), Kid Wine",가요 / 인디,03:15
벚꽃 엔딩,버스커 버스커 (Busker Busker),가요 / 락,04:21
すずめ / Suzume (Feat. Toaka (토아카/十明)),RADWIMPS,OST / 애니메이션/게임,03:59
사랑의 인사,김연지,가요 / 발라드,04:08
Like Crazy,지민,가요 / 댄스,03:32
너를 보는게 지친 하루에,송하예,가요 / 발라드,03:46
되돌리다,먼데이 키즈 (Monday Kiz),가요 / 발라드,04:30
Love Me Like This,NMIXX,가요 / 댄스,03:09
Face-off,지민,가요 / 랩/힙합,03:50
Alone,지민,가요 / R&B/소울,03:31
아모르 파티,이홍기,가요 / 트로트,03:30
낮에 뜨는 달 (낮에 뜨는 달 X 안예은),안예은,가요 / 발라드,03:48
Interlude : Dive,지민,가요 / 댄스,02:11
Like Crazy (English Version),지민,가요 / 댄스,03:32
불이 꺼지고,"선미, BE`O (비오)",가요 / R&B/소울,03:21
나쁜놈 (Chico malo),마마무+,가요 / 댄스,02:39
CIRCLE (Feat. Crush),코드 쿤스트 (CODE KUNST),가요 / R&B/소울,03:06
밤이 무서워요 (Lonely Night),주주 시크릿,가요 / 댄스,03:14
봄바람,김재환,가요 / 전체,02:56
Kitsch,IVE (아이브),가요 / 댄스,03:15
꽃,지수 (JISOO),가요 / 댄스,02:53
Sour & Sweet,뱀뱀 (BamBam),가요 / 댄스,02:28
잠깐나올래,RUSUK,가요 / 발라드,03:09
봄이 좋냐??,10cm,가요 / 전체,03:26
Eyes Closed,Ed Sheeran,POP / 팝,03:15
꽃,양다일,가요 / 발라드,03:39
All Eyes On Me,지수 (JISOO),가요 / 댄스,02:44
Love Blossom (러브블러썸),케이윌 (K.Will),가요 / 발라드,03:36
미친거니,포맨 (4MEN),가요 / 발라드,03:31
"낭만교향곡 (Feat. CHANGMO, 박재범)",BIG Naughty (서동현),가요 / R&B/소울,04:01
GGBB,마마무+,가요 / 댄스,03:06
그런 사랑은 없어,황치열,가요 / 발라드,03:58
꽃송이가,버스커 버스커 (Busker Busker),가요 / 락,03:23
Zero,NewJeans,가요 / 댄스,02:34
사람 Pt.2 (feat. 아이유),Agust D,가요 / R&B/소울,03:34
That`s Not How This Works (feat. Dan + Shay),Charlie Puth,POP / 팝,02:46
사랑하지 않아서 그랬어,임한별,가요 / 발라드,03:44
발걸음,DK,가요 / 발라드,04:56
빙글빙글 (Prod. R.Tee),헤이즈 (Heize),가요 / 락,03:01
Cupid,FIFTY FIFTY,가요 / 댄스,02:54
Golden Hour,마크 (MARK),가요 / 랩/힙합,03:20
D N D,에이핑크(Apink),가요 / 댄스,03:08
바보가슴,"송하예, 한빈 (포맨)",가요 / 발라드,04:05
비도 오고 그래서 (Feat. 신용재),헤이즈 (Heize),가요 / 랩/힙합,03:25
Polaroid Love,ENHYPEN,가요 / 댄스,03:05
Say My Name,Say Yes!,가요 / 댄스,03:19
봄봄봄,로이킴,가요 / 전체,03:27
I AM,IVE (아이브),가요 / 댄스,03:04
Blue Blood,IVE (아이브),가요 / 댄스,02:48
가질 수 없는 너,#안녕,가요 / 발라드,04:22
Lips,IVE (아이브),가요 / 댄스,03:01
NOT YOUR GIRL,IVE (아이브),가요 / 댄스,03:22
Mine,IVE (아이브),가요 / 댄스,03:10
Heroine,IVE (아이브),가요 / 댄스,02:51
섬찟 (Hypnosis),IVE (아이브),가요 / 댄스,02:27
Cupid (Twin Ver.),FIFTY FIFTY,가요 / 댄스,02:54
다시 사랑한다면,한동근,가요 / 발라드,03:58
가장 아름다운 시간이었다,주호,가요 / 발라드,03:42
궁금해 (Next Page),IVE (아이브),가요 / 댄스,03:19
Shine With Me,IVE (아이브),가요 / 발라드,03:45
Cherish,IVE (아이브),가요 / 댄스,03:15
빛이 나는 너에게,던 (DAWN),가요 / R&B/소울,02:55
Over Me,Overdose,가요 / 댄스,03:13
"En Garde (준비,시작!)",En Butter,가요 / 댄스,02:54
눈을 감고 귀를 막아도,"백지영, 길구봉구",가요 / 발라드,04:02
Perfume,NCT 도재정,가요 / R&B/소울,02:48
FRIEND THE END,볼빨간사춘기,가요 / 인디,03:08
Chase Love Hard (Feat. 황민현),볼빨간사춘기,가요 / 인디,03:01
사랑이 이별이 돼 가는 모습이,볼빨간사춘기,가요 / 인디,03:48
해금,Agust D,가요 / 랩/힙합,02:49
Kiss,NCT 도재정,가요 / R&B/소울,03:01
후유증 (Can We Go Back),NCT 도재정,가요 / R&B/소울,03:23
Dive,NCT 도재정,가요 / R&B/소울,03:57
Strawberry Sunday,NCT 도재정,가요 / R&B/소울,02:59
푸른 밤 이 노래,"조이(JOY), 하동균",가요 / 발라드,03:46
Rome,볼빨간사춘기,가요 / 인디,02:44
안녕 (Ordinary),NCT 도재정,가요 / 발라드,03:18
좋은 꿈 꿔 0224.mp3,볼빨간사춘기,가요 / 인디,01:37
Higher,FIFTY FIFTY,가요 / 댄스,03:29
KNOCK,이채연,가요 / 댄스,02:53
헤어지자 말해요,박재정,가요 / 발라드,04:04
손오공,세븐틴,가요 / 댄스,03:20
F*ck My Life,세븐틴,가요 / 랩/힙합,03:22
먼지,세븐틴,가요 / R&B/소울,02:45
April shower,세븐틴,가요 / R&B/소울,03:33
Fire,세븐틴,가요 / 랩/힙합,02:38
I Don`t Understand But I Luv U,세븐틴,가요 / R&B/소울,03:30
나의 마음에 (Seed),태양,가요 / 발라드,04:15
Heaven(2023),임재현,OST / 드라마,04:40
슝! (feat. LISA of BLACKPINK),태양,가요 / R&B/소울,03:25
Hello,백현 (BAEKHYUN),OST / 드라마,03:50
Jelly Pop,BOYS PLANET,가요 / 댄스,03:23
Sunday Night Drive,박재범,가요 / R&B/소울,02:09
アイドル,YOASOBI,J-POP / 팝,03:33
물론,허각,가요 / 발라드,03:44
UNFORGIVEN (feat. Nile Rodgers),LE SSERAFIM (르세라핌),가요 / 댄스,03:02
나의 바람 (Wind And Wish),비투비 (BTOB),가요 / 댄스,03:42
안녕이라고 말하지마,V.O.S,가요 / 발라드,04:01
"이브, 프시케 그리고 푸른 수염의 아내",LE SSERAFIM (르세라핌),가요 / 댄스,03:06
No-Return (Into the unknown),LE SSERAFIM (르세라핌),가요 / 댄스,03:05
청소 (여름날 우리 X 스탠딩 에그),스탠딩 에그(Standing Egg),가요 / 발라드,03:57
Heaven,비투비 (BTOB),가요 / 댄스,03:31
봄이야,경서,가요 / 인디,03:17
Welcome To MY World (Feat. nævis),aespa,가요 / R&B/소울,03:27
"피어나 (Between you, me and the lamppost)",LE SSERAFIM (르세라핌),가요 / 발라드,03:27
Day&Night,비투비 (BTOB),가요 / 댄스,03:21
Moon Ride,비투비 (BTOB),가요 / 댄스,03:40
Your Love,비투비 (BTOB),가요 / 댄스,03:49
Flash Forward,LE SSERAFIM (르세라핌),가요 / 댄스,03:16
Fire in the belly,LE SSERAFIM (르세라핌),가요 / 댄스,03:18
Boat,죠지,가요 / R&B/소울,03:12
FEARLESS (2023 Ver.),LE SSERAFIM (르세라핌),가요 / 댄스,02:48
Blue Flame (2023 Ver.),LE SSERAFIM (르세라핌),가요 / 댄스,03:22
Spicy,aespa,가요 / 댄스,03:17
Thirsty,aespa,가요 / R&B/소울,03:13
Salty & Sweet,aespa,가요 / 댄스,03:22
The Planet,방탄소년단,가요 / 댄스,02:58
잠깐 시간 될까,이무진,가요 / 락,03:48
I`m Unhappy,aespa,가요 / 발라드,03:26
바람,윤하,가요 / 발라드,05:32
ERASE ME,원어스(ONEUS),가요 / 댄스,03:10
작별인사 (Feat. Paul Blanco),ASH ISLAND,가요 / 랩/힙합,02:46
`Til We Meet Again,aespa,가요 / 발라드,03:38
그리워하다,비투비 (BTOB),가요 / 발라드,03:57
퀸카 (Queencard),(여자)아이들,가요 / 댄스,02:41
Allergy,(여자)아이들,가요 / 댄스,02:43
사랑..그게 뭔데,지아 (Zia),가요 / 발라드,03:46
부동의 첫사랑,10cm,가요 / 인디,04:26
"Angel Pt. 1 (Feat. Kodak Black, NLE Choppa, JVKE, Muni Long)",지민,POP / 랩/힙합,02:56
"우리 사랑 이대로 (여름날 우리 X 규현 (KYUHYUN), 정은지)","규현 (KYUHYUN), 정은지",가요 / 발라드,04:21
Heaven,HYNN(박혜원),가요 / 발라드,03:43
Lucid,(여자)아이들,가요 / 댄스,02:56
NIGHT DANCER (BIG Naughty Remix),"imase, BIG Naughty (서동현)",J-POP / 팝,03:30
Paradise,(여자)아이들,가요 / 댄스,03:09
All Night,(여자)아이들,가요 / 댄스,02:26
어린 어른,(여자)아이들,가요 / 발라드,03:11
니편이야,영탁,가요 / R&B/소울,02:48
Bite Me,ENHYPEN,가요 / 댄스,02:38
한사람만 (2023) (여름날 우리 X 이홍기 (FT아일랜드)),이홍기,가요 / 발라드,04:17
왜요 왜요 왜?,PLAVE,가요 / 랩/힙합,02:27
Candy (Feat. Zion.T),박재범,가요 / R&B/소울,03:06
FREEDOM,주헌,가요 / 랩/힙합,03:32
운다 운다,허각,가요 / 발라드,03:45
한강에서 (Feat. BIG Naughty),폴킴,가요 / R&B/소울,03:19
사랑했나봐,이창섭,가요 / 락,03:56
여행,볼빨간사춘기,가요 / 인디,03:41
찬란한 하루,멜로망스(Melomance),가요 / 인디,02:58
특,Stray Kids (스트레이 키즈),가요 / 랩/힙합,03:16
첫 키스에 내 심장은 120BPM,경서,가요 / 인디,03:19
이 새벽에 전화하는 건,황인욱,가요 / 발라드,03:28
상록수,이우,가요 / 발라드,04:20
혼자 사랑하면 되니까,"TOIL, Kid Wine",가요 / 발라드,03:49
LOSER,AB6IX (에이비식스),가요 / 댄스,03:30
그날 밤,장혜진,가요 / 발라드,04:09
Square (2017),백예린,가요 / 전체,04:22
모래 알갱이,임영웅,가요 / 발라드,03:40
#menow,프로미스나인 (fromis_9),가요 / 댄스,02:50
Take Two,방탄소년단,가요 / R&B/소울,03:50
샤랄라 (SHALALA),태용 (TAEYONG),가요 / 랩/힙합,03:21
사실말야내가말야그게그러니까말이야,케이시 (Kassy),가요 / 발라드,02:55
우리 왜 헤어져야 해 (여름날 우리 X 전상근),전상근,가요 / 발라드,04:31
사랑은 가슴이 시킨다(2023),이창섭,OST / 드라마,04:21
처음처럼,송하예,가요 / 발라드,04:04
Lilith (Diablo IV Anthem),"Halsey, SUGA",POP / 락,03:01
이 세상 끝까지,"먼데이 키즈 (Monday Kiz), #안녕",가요 / 발라드,03:39
작은 것들을 위한 시 (Boy With Luv) (Feat. Halsey),방탄소년단,가요 / 랩/힙합,03:50
마지막처럼,BLACKPINK,가요 / 댄스,03:33
겁도 없이 (feat. BIG Naughty),B.I,가요 / 랩/힙합,02:56
BOUNCY (K-HOT CHILLI PEPPERS),ATEEZ (에이티즈),가요 / 댄스,03:07
사랑의 바보,제이세라 (J-Cera),가요 / 발라드,03:54
나에게 그대만이,탑현,가요 / 발라드,03:11
헤어질 결심,거미,가요 / 발라드,03:08
Let Me In,EXO,가요 / 발라드,03:18
희재,이홍기,가요 / 발라드,04:13
혼자라고 생각말기,임한별,가요 / 발라드,03:37
"Angel Pt. 2 (Feat. JVKE, Charlie Puth, Muni Long)","지민, Fast & Furious: The Fast Saga",POP / 팝,02:56
삭제,이홍기,가요 / 발라드,03:50
Broken Melodies,NCT DREAM,가요 / 락,03:46
SOS,강다니엘,가요 / 락,03:12
LOCKDOWN,이세계 아이돌,가요 / 댄스,03:22
잘사니,노을,가요 / 발라드,03:50
When I Was Your Man,Bruno Mars,POP / 팝,03:34
Leave The Door Open,"Bruno Mars, Anderson .Paak, Silk Sonic",POP / R&B/소울,04:02
빛이 나는 사람,김호중,가요 / 발라드,03:37
That`s What I Like,Bruno Mars,POP / 팝,03:27
pony,잔나비,가요 / 인디,03:01
사랑하지 않아서 그랬니,지아 (Zia),가요 / 발라드,03:43
Steal The Show (From “엘리멘탈”),Lauv,OST / 전체,03:13
Treasure,Bruno Mars,POP / 팝,02:59
개이득 (Feat. BOBBY),김재환,가요 / 댄스,03:20
Uptown Funk (Feat. Bruno Mars),Mark Ronson,POP / 팝,04:31
롤린 (Rollin`),브레이브걸스 (Brave Girls),가요 / 댄스,03:18
비행소녀,경서예지,가요 / 발라드,04:14
Dun Dun Dance,오마이걸 (OH MY GIRL),가요 / 전체,03:41
HARD,샤이니 (SHINee),가요 / 랩/힙합,02:57
Hate Rodrigo (Feat. 우기 ((여자)아이들)),YENA(최예나),가요 / 락,03:01
비가 내리는 밤이면,경서 (경서예지),가요 / 발라드,03:46
Paris In The Rain,Lauv,POP / 팝,03:25
MOVE (T5),TREASURE (트레저),가요 / 댄스,03:28
Underwater,권은비,가요 / 댄스,02:51
JUICE,샤이니 (SHINee),가요 / 랩/힙합,03:18
Bye bye my blue,백예린,가요 / R&B/소울,03:24
뜨거운 여름밤은 가고 남은 건 볼품없지만,잔나비,가요 / 발라드,04:03
"Rainy day (Feat. ASH ISLAND, Skinny Brown)",PATEKO (파테코),가요 / 랩/힙합,03:38
비가 오면 마음껏 울어도 되니까,김연지,가요 / 발라드,03:06
Satellite,샤이니 (SHINee),가요 / 일렉트로니카,03:29
Super Shy,NewJeans,가요 / 댄스,02:35
Still With You,정국,가요 / R&B/소울,04:00
여행 Again (Feat. Cautious Clay),빈지노 (Beenzino),가요 / 랩/힙합,04:17
여름날 (feat. 하현상),볼빨간사춘기,가요 / 인디,03:02
New Jeans,NewJeans,가요 / 댄스,01:49
"잘 지내자, 우리 (여름날 우리 X 로이킴)",로이킴,가요 / 발라드,04:18
Roller Coaster,NMIXX,가요 / 댄스,02:59
너에게 닿을게,정승환,OST / 드라마,03:27
Do It Like That,"투모로우바이투게더, Jonas Brothers",가요 / 댄스,02:25
My You,정국,가요 / 발라드,02:45
Monet,빈지노 (Beenzino),가요 / 랩/힙합,02:39
예뻤어 (여름날 우리 X 김민석 (멜로망스)),김민석,가요 / 락,04:33
침대에서/막걸리,빈지노 (Beenzino),가요 / 랩/힙합,04:37
990 (Feat. 김심야),빈지노 (Beenzino),가요 / 랩/힙합,03:34
Stinky Kiss (Intro),빈지노 (Beenzino),가요 / 랩/힙합,02:47
Coca Cola Red (Feat. oygli),빈지노 (Beenzino),가요 / 랩/힙합,03:20
"몇 번의 여름 (여름날 우리 X TOIL, Gist)","TOIL,Gist",가요 / 락,02:58
낭만젊음사랑,이세계,가요 / 인디,04:40
Radio,빈지노 (Beenzino),가요 / 랩/힙합,03:31
비행기,거북이,가요 / 댄스,03:33
Seven (feat. Latto) - Clean Ver.,정국,가요 / 댄스,03:04
Cream Soda,EXO,가요 / 댄스,03:05
사랑해요 그대를,임영웅,가요 / 트로트,03:32
In Bloom,ZEROBASEONE (제로베이스원),가요 / 댄스,03:01
"애인이 되어줄게요 (Prod. 알고보니, 혼수상태)",김호중,가요 / 트로트,03:07
I WANT,IVE (아이브),가요 / 댄스,03:01
"여자는 말 못하고, 남자는 모르는 것들",정동하,가요 / 발라드,04:20
Hear Me Out,EXO,가요 / 댄스,03:24
잊는 법,이예준,가요 / 발라드,03:40
Party O`Clock,NMIXX,가요 / 댄스,03:04
New Kidz on the Block,ZEROBASEONE (제로베이스원),가요 / 댄스,03:33
우주먼지 (and I),ZEROBASEONE (제로베이스원),가요 / 댄스,03:16
Cinderella,EXO,가요 / 댄스,02:35
Our Season,ZEROBASEONE (제로베이스원),가요 / 댄스,02:58
Regret It,EXO,가요 / 댄스,02:56
Seven (feat. Latto) - Explicit Ver.,정국,가요 / 댄스,03:04
Back to ZEROBASE,ZEROBASEONE (제로베이스원),가요 / 댄스,02:45
Love Fool,EXO,가요 / 댄스,03:23
ISTJ,NCT DREAM,가요 / 댄스,03:05
ETA,NewJeans,가요 / 댄스,02:31
Cool With You,NewJeans,가요 / 댄스,02:28
Summer (Feat. BE`O (비오)),Paul Blanco,가요 / 랩/힙합,03:20
어디든 가자 (Feat. 허성현),경서,가요 / 발라드,03:53
파랑 (Blue Wave),NCT DREAM,가요 / 댄스,03:11
ASAP,NewJeans,가요 / 댄스,02:14
Yogurt Shake,NCT DREAM,가요 / 댄스,03:18
Like We Just Met,NCT DREAM,가요 / R&B/소울,03:30
지금 술 한잔했어 (2023),"이보람, 김보경 (NEON)",가요 / 랩/힙합,03:19
사막에서 꽃을 피우듯,우디(Woody),가요 / 발라드,04:19
Poison (모래성),NCT DREAM,가요 / R&B/소울,03:33
Get Up,NewJeans,가요 / 댄스,00:36
Skateboard,NCT DREAM,가요 / 댄스,03:06
SOS,NCT DREAM,가요 / 랩/힙합,03:00
Pretzel (♡),NCT DREAM,가요 / 댄스,03:26
제자리 걸음 (Starry Night),NCT DREAM,가요 / R&B/소울,03:10
Another World,이세계 아이돌,가요 / 댄스,03:07
vampire,Olivia Rodrigo,POP / 팝,03:40
여름이 들려 (Summer Comes),오마이걸 (OH MY GIRL),가요 / 전체,03:21
Love Me A Little,셔누X형원 (몬스타엑스),가요 / 댄스,03:20
BONA BONA,TREASURE (트레저),가요 / 댄스,03:33
민들레 (single ver.),우효 (OOHYO),가요 / 인디,04:13
좋은 밤 좋은 꿈,너드커넥션 (Nerd Connection),가요 / 인디,04:26
Cruel Summer,Taylor Swift,POP / 팝,02:59
폼미쳤다,영탁,가요 / 댄스,02:47
CAKE,ITZY (있지),가요 / 랩/힙합,03:19
값,영탁,가요 / 트로트,02:42
New Emotions,인피니트 (Infinite),가요 / 댄스,02:45
우길걸우겨,영탁,가요 / 트로트,03:07
Dolphin,오마이걸 (OH MY GIRL),가요 / 댄스,02:57
Forever Young,BLACKPINK,가요 / 댄스,03:57
LIP GLOSS,더보이즈(THE BOYZ),가요 / 댄스,03:33
트위스트고고,이찬원,가요 / 트로트,03:39
Horizon,재현 (JAEHYUN),가요 / R&B/소울,03:43
Love Me Again,V,가요 / R&B/소울,03:02
Fast Forward,전소미,가요 / 댄스,02:41
Rainy Days,V,가요 / R&B/소울,03:00
Shine,리베란테 (Libelante),클래식 / 크로스오버,04:10
Love U Like That,Lauv,POP / 팝,03:32
KIDDING,이세계 아이돌,가요 / 전체,03:30
Bubble,STAYC(스테이씨),가요 / 댄스,02:59
거리에서 (Feat. ASH ISLAND),릴러말즈 (Leellamarz),가요 / 랩/힙합,03:29
그대만 있다면 (여름날 우리 X 너드커넥션 (Nerd Connection)),너드커넥션 (Nerd Connection),가요 / 발라드,04:11
Better Things,aespa,가요 / 댄스,03:23
AEAO,"다이나믹 듀오 (Dynamic Duo), DJ Premier",가요 / 랩/힙합,05:17
Love Lee,AKMU (악뮤),가요 / 댄스,03:00
후라이의 꿈,AKMU (악뮤),가요 / 블루스/포크,03:25
미친 사랑의 노래,"김연지, DK",가요 / 발라드,03:44
여섯 번째 여름,PLAVE,가요 / 락,03:43
달빛에 그려지는,미연 ((여자)아이들),OST / 드라마,04:04
Sugarcoat (NATTY Solo),KISS OF LIFE,가요 / R&B/소울,03:00
I Just Love Ya,PLAVE,가요 / 댄스,02:42
Dear. PLLI,PLAVE,가요 / R&B/소울,02:47
Killin` Me Good,지효 (TWICE),가요 / 댄스,03:06
Happiness,"허용별 (허각, 신용재, 임한별)",가요 / 발라드,04:17
Miracle (우리라는 기적),포르테나 (Fortena),클래식 / 크로스오버,04:07
Baggy Jeans,NCT U,가요 / 댄스,03:31
언젠간 괜찮아질 이야기,"헤이즈 (Heize), 정승환",가요 / 발라드,03:48
그런 일은,Paul Blanco,가요 / R&B/소울,04:27
Memories,RIIZE,가요 / 댄스,02:58
연모(戀慕),양요섭,OST / 드라마,03:42
쉿 (Shhh),KISS OF LIFE,가요 / 댄스,03:02
DINOSAUR,AKMU (악뮤),가요 / 일렉트로니카,04:01
독백,정동원,가요 / 트로트,04:12
"Smoke (Prod. Dynamicduo, Padi)","다이나믹 듀오 (Dynamic Duo), 이영지",가요 / 랩/힙합,03:30
Click Like (Prod. Crush) (Feat. Paul Blanco),크러쉬 (CRUSH),가요 / R&B/소울,02:46
Slow Dancing,V,가요 / R&B/소울,03:07
I Love My Body,화사(Hwa Sa),가요 / 댄스,02:30
Get A Guitar,RIIZE,가요 / 댄스,02:40
트월ㅋ (Prod. Czaer),"미연 ((여자)아이들), 우기 ((여자)아이들)",가요 / 댄스,02:57
뭣 같아,BOYNEXTDOOR,가요 / 댄스,02:55
KOOL,포레스텔라(Forestella),가요 / 댄스,03:15
Blue,V,가요 / R&B/소울,02:30
오랜 날 오랜 밤,AKMU (악뮤),가요 / 블루스/포크,04:44
For Us,V,가요 / R&B/소울,02:51
나의 별이 돼주오,김필,OST / 드라마,03:55
200%,AKMU (악뮤),가요 / 전체,03:14
Give Love,AKMU (악뮤),가요 / 전체,02:57
낙하 (with 아이유),AKMU (악뮤),가요 / 락,03:33
아름다운 구속,NewJeans,OST / 드라마,03:52
Good & Great,키 (KEY),가요 / 댄스,03:20
Hello,재찬,가요 / R&B/소울,03:27
Never Ending Story,김민석,OST / 드라마,03:32
사랑이라 쓰고 이별이라 읽어,송하예,가요 / 발라드,03:01
Paint The Town Red,Doja Cat,POP / 랩/힙합,03:52
별 떨어진다 (I Do),디오 (D.O.),가요 / 발라드,02:43
가을밤에 든 생각,잔나비,가요 / 인디,03:07
"Swipe (Prod. C-Young, Alawn)","태용 (TAEYONG), 텐 (TEN)",가요 / 댄스,03:06
Vancouver 2,BIG Naughty (서동현),가요 / 락,03:22
Somebody,디오 (D.O.),가요 / 블루스/포크,02:39
그냥 그렇게 됐어,지아 (Zia),가요 / 발라드,03:40
이럴거면,거미,가요 / 발라드,03:47
yours,데이먼스 이어 (Damons Year),가요 / 인디,02:45
이제 우리 꿈에서만 만나,Yyeon,가요 / R&B/소울,02:20
기적 (Wonder),디오 (D.O.),가요 / 블루스/포크,02:56
한 개도 몰라 (Feat. meenoi),릴러말즈 (Leellamarz),가요 / 랩/힙합,03:34
Either Way,IVE (아이브),가요 / R&B/소울,02:47
3D (feat. Jack Harlow),정국,가요 / 댄스,03:22
가을 타나 봐,바이브 (Vibe),가요 / 발라드,03:52
Rewrite The Stars,"Zac Efron, Zendaya",OST / 전체,03:37
OVER,이세계 아이돌,가요 / 댄스,03:28
Superhero,이세계 아이돌,가요 / 댄스,02:56
Trip (Feat. Hannah),릴러말즈 (Leellamarz),가요 / 랩/힙합,03:53
가을 아침,아이유 (IU),가요 / 발라드,03:39
All For You,"정은지, 서인국",OST / 드라마,04:08
어디에도,엠씨더맥스 (M.C The Max),가요 / 발라드,05:31
Fact Check (불가사의; 不可思議),NCT 127,가요 / 댄스,03:05
You & Me,제니 (JENNIE),가요 / 댄스,02:59
너 밖엔 없더라,케이시 (Kassy),가요 / 발라드,03:45
Off The Record,IVE (아이브),가요 / 댄스,03:09
GODS,"NewJeans, League of Legends",OST / 애니메이션/게임,03:41
혼자 왔어요,"DK, 김연지",가요 / 발라드,04:07
숲,최유리,가요 / 인디,03:48
밤 (Night),dori,가요 / R&B/소울,03:07
괜찮아도 괜찮아 (That`s okay),디오 (D.O.),가요 / R&B/소울,03:41
바람이 분다 (Love Effect),온앤오프 (ONF),가요 / 댄스,02:52
Do or Die,임영웅,가요 / 댄스,03:25
Chili,화사(Hwa Sa),가요 / 댄스,02:15
Baddie,IVE (아이브),가요 / 댄스,02:34
Chasing That Feeling,투모로우바이투게더,가요 / 댄스,03:03
Right Now (Feat. Crush),쿠기 (Coogie),가요 / 랩/힙합,03:02
후디에 반바지,이효리,가요 / R&B/소울,03:10
무중력 (Space),NCT 127,가요 / R&B/소울,03:08
Angel Eyes,NCT 127,가요 / 락,03:04
네 옆에 그 사람은 내가 아닌 다른사람,"TOIL, Kid Wine",가요 / 발라드,02:52
Parade (행진),NCT 127,가요 / 랩/힙합,03:26
I Want That,(여자)아이들,POP / 팝,02:52
"잘 지내자, 우리",최유리,가요 / 인디,04:16
그때가 좋았어,케이시 (Kassy),가요 / 발라드,03:55
잠시라도 우리,"성시경, 나얼",가요 / 발라드,04:53
TOO MUCH,"The Kid LAROI, 정국, Central Cee",POP / 팝,03:24
STRANGER,선미,가요 / 댄스,02:47
화 좀 풀어봐,폴킴,가요 / 발라드,03:04
행복한 나를,빅마마 (BigMama),가요 / 발라드,04:30
너를 만나,폴킴,가요 / 발라드,04:41
내가 할 수 없는 말,양다일,가요 / 발라드,04:09
NOT OK (Feat. 민니 ((여자)아이들)),로꼬 (LOCO),가요 / 랩/힙합,03:17
음악의 신,세븐틴,가요 / 댄스,03:25
SOS (Prod. Marshmello),세븐틴,가요 / 댄스,03:12
Diamond Days,세븐틴,가요 / 댄스,03:26
Monster,세븐틴,가요 / 랩/힙합,02:39
Back 2 Back,세븐틴,가요 / 댄스,03:10
하품,세븐틴,가요 / R&B/소울,04:18
Headliner,세븐틴,가요 / 락,03:10
"이쁜 여자가 좋더라 (Feat. Gist, Jayci yucca)",릴러말즈 (Leellamarz),가요 / 랩/힙합,02:26
Perfect Night,LE SSERAFIM (르세라핌),가요 / 댄스,02:39
I Love You,포지션,가요 / 발라드,05:30
Guilty,태민 (TAEMIN),가요 / R&B/소울,03:10
편지 한 장 (부제: 서른에 만난 첫 세상) (A letter),김호중,가요 / 발라드,04:05
Standing Next to You,정국,가요 / 댄스,03:26
꽃구경,황영웅,가요 / 트로트,03:53
인사,범진,가요 / 인디,03:36
Yes or No,정국,가요 / R&B/소울,02:28
Hate You,정국,가요 / 발라드,02:34
Too Sad to Dance,정국,가요 / 블루스/포크,02:56
Closer to You (feat. Major Lazer),정국,가요 / 랩/힙합,02:51
Please Don`t Change (feat. DJ Snake),정국,가요 / 댄스,02:27
Somebody,정국,가요 / R&B/소울,02:49
Shot Glass of Tears,정국,가요 / 발라드,02:47
"밤, 바다",최유리,가요 / 발라드,04:15
Talk Saxy,RIIZE,가요 / 댄스,03:11
Screen Time (Feat. Hoshi of SEVENTEEN),에픽하이 (EPIK HIGH),가요 / 랩/힙합,03:54
뭐 어떡할까,기리보이(Giriboy),가요 / 랩/힙합,03:42
나쁜 X (Feat. CHANGMO),릴러말즈 (Leellamarz),가요 / 랩/힙합,03:23
Someday,박은빈,OST / 드라마,03:52
락 (樂),Stray Kids (스트레이 키즈),가요 / 일렉트로니카,03:02
CRUSH (가시),ZEROBASEONE (제로베이스원),가요 / 댄스,02:49
Drama,aespa,가요 / 댄스,03:35
Snow Globe,포레스텔라(Forestella),가요 / 발라드,05:21
그날 밤,정승환,OST / 드라마,03:01
돌아와줘요 (Alone),주주 시크릿,가요 / 발라드,03:21
술 한잔 해요,경서예지,가요 / 발라드,03:23
사랑 참...,제이세라 (J-Cera),가요 / 발라드,03:25
MELTING POINT,ZEROBASEONE (제로베이스원),가요 / 댄스,02:53
Chill Kill,레드벨벳(Red Velvet),가요 / 댄스,03:35
지극히 사적인 얘기,다비치,가요 / 발라드,03:23
흠칫 (Hmm-cheat),크러쉬 (CRUSH),가요 / R&B/소울,03:04
Knock Knock (Who`s There?),레드벨벳(Red Velvet),가요 / 댄스,03:21
외롭지 않아,김나영,가요 / 발라드,04:12
Sweet Venom,ENHYPEN,가요 / 댄스,02:29
Underneath The Tree,Kelly Clarkson,POP / 팝,03:50
미워 (Ego),크러쉬 (CRUSH),가요 / R&B/소울,02:55
Make It To Christmas,Alessia Cara,그외장르 / 캐롤,03:31
DIE 4 YOU,DEAN,가요 / R&B/소울,03:14
Discord,QWER,가요 / 락,02:48
WATCH IT,더보이즈(THE BOYZ),가요 / 댄스,02:59
항해,윈터 (WINTER),OST / 드라마,04:14
내일의 우리 (Ordinary Days),디오 (D.O.),가요 / 발라드,03:06
instagram,DEAN,가요 / R&B/소울,04:16
그때 헤어지면 돼,로이킴,가요 / 발라드,04:09
Must Have Love,"SG워너비, 브라운 아이드 걸스",가요 / 전체,04:20
To. X,태연 (TAEYEON),가요 / R&B/소울,02:50
미친 폼 (Crazy Form),ATEEZ (에이티즈),가요 / 댄스,03:18
Melt Away,태연 (TAEYEON),가요 / R&B/소울,03:16
미쳐버리겠다 (MAD),BE`O (비오),가요 / 랩/힙합,03:17
Burn It Down,태연 (TAEYEON),가요 / 발라드,02:51
All For Nothing,태연 (TAEYEON),가요 / 발라드,03:11
악몽 (Nightmare),태연 (TAEYEON),가요 / 발라드,02:56
연착,BIG Naughty (서동현),가요 / 락,02:26
BATTER UP,BABYMONSTER,가요 / 랩/힙합,03:08
Fabulous,태연 (TAEYEON),가요 / R&B/소울,02:52
Christmas Without You,Ava Max,POP / 팝,02:49
Text Me Merry Christmas (Feat. Kristen Bell),Straight No Chaser,POP / 팝,02:41
Last Christmas,Wham!,POP / 팝,04:25
우리의 밤은 당신의 낮보다 아름답다,NewJeans,OST / 드라마,03:12
옛 얘기지만,김동률,가요 / 발라드,03:26
Jingle Bell Rock,aespa,가요 / 댄스,02:11
비의 랩소디,임재현,가요 / 발라드,03:55
입술 (Feat. 10CM),헤이즈 (Heize),가요 / 발라드,03:21
"그대가 있는 곳, 언제 어디든",로이킴,OST / 드라마,03:41
Say Yes,원탑,가요 / 댄스,03:44
Sonar (Breaker),NMIXX,가요 / 댄스,02:53
그댄 달라요 (말하고 싶은 비밀 X 권진아),권진아,가요 / R&B/소울,03:39
UNLOVE (prod. HONNE),자이언티(Zion.T),가요 / 전체,03:00
MANIAC,VIVIZ (비비지),가요 / 댄스,03:16
V (Peace) (feat. AKMU),자이언티(Zion.T),가요 / 일렉트로니카,02:29
It`s Beginning To Look A Lot Like Christmas,Michael Buble,POP / 팝,03:27
잠깐만 TIME,주주 시크릿,가요 / 댄스,02:54
Merry PLLIstmas,PLAVE,가요 / R&B/소울,04:00
스노우볼,볼빨간사춘기,가요 / 인디,03:33
사랑할 수밖에,볼빨간사춘기,가요 / 인디,03:45
에피소드,이무진,가요 / 락,03:25
골목길 (with 성시경),"이하이, 성시경",가요 / 발라드,04:45
내 마음이 너에게 닿기를,경서,가요 / 인디,03:50
Like It`s Christmas,Jonas Brothers,그외장르 / 캐롤,03:21
12월의 기적 (Miracles in December),EXO,가요 / 발라드,04:33
Santa`s Coming For Us,Sia,POP / 팝,03:27
매일 크리스마스 (Everyday Christmas),다비치,가요 / 댄스,03:09
Closer Than This,지민,가요 / 랩/힙합,03:43
Be There For Me,NCT 127,가요 / R&B/소울,03:38
Stay With Me (Feat. Skinny Brown),ASH ISLAND,가요 / 랩/힙합,02:52
화이트 (White),폴킴,가요 / 댄스,03:56
꿈,태연 (TAEYEON),OST / 드라마,03:59
화이트 (WHITE) (Feat. 박재범),다비치,가요 / 전체,04:14
Merry & Happy,TWICE,가요 / 발라드,03:13
This Christmas,태연 (TAEYEON),가요 / 발라드,04:27
그 겨울엔 네가 있어,"허용별 (허각, 신용재, 임한별)",가요 / 발라드,03:42
겨울 고백,"성시경, 박효신, 서인국, 빅스 (VIXX), 여동생",가요 / 댄스,04:06
넌 쉽게 말했지만, 싱어게인3 49호 가수,가요 / R&B/소울,03:09
Mistletoe,Justin Bieber,POP / 팝,03:03
Rockin` Around The Christmas Tree,Brenda Lee,그외장르 / 캐롤,02:03
Oh Santa! (Feat. Ariana Grande & Jennifer Hudson),Mariah Carey,POP / 팝,03:21
"Santa, Can`t You Hear Me","Kelly Clarkson, Ariana Grande",그외장르 / 캐롤,04:03
Bring Me Love,John Legend,POP / 팝,03:19
봄이 와도 (Prod. 로이킴),"박종민, 로이킴",가요 / 발라드,04:32
기억해줘요 내 모든 날과 그때를,거미,OST / 드라마,03:49
로맨틱 겨울 (Feat. 김진호),김진표,가요 / 랩/힙합,04:09
눈 (Feat. 이문세),자이언티(Zion.T),가요 / 발라드,04:00
나 홀로 집에 (Home Alone),NCT 127,가요 / R&B/소울,03:46
곰인형 (Feat. 해금),린 (LYn),가요 / 발라드,03:27
Love 119,RIIZE,가요 / 댄스,02:54
1조,이찬혁,가요 / 락,03:33
해무 (feat. 박다울),PITTA (강형호),가요 / 락,04:23
사랑노래,dori,가요 / R&B/소울,02:44
혹시 니 생각이 바뀌면,2am,가요 / 발라드,03:40
여우비 (낮에 뜨는 달 X 츄 (CHUU)),츄(Chuu),가요 / 발라드,04:02
I Love You,안세하,가요 / 발라드,05:12
UNTOUCHABLE,ITZY (있지),가요 / 댄스,03:14
그렇지 않아,규현 (KYUHYUN),가요 / 락,04:16
I Love You (Prod. 김도훈),홍이삭,가요 / 발라드,03:17
머물러주오 (Prod. 안신애 & Philtre),소수빈,가요 / R&B/소울,04:10
너를 너를 너를,먼데이 키즈 (Monday Kiz),가요 / 발라드,04:11
좋은 사람,김나영,OST / 드라마,03:35
비보라 (BIBORA),SF9 (에스에프나인),가요 / 댄스,03:14
Bad News,KISS OF LIFE,가요 / 댄스,02:40
응급실,이지 (izi),OST / 드라마,03:45
Try Again,소수빈,가요 / 발라드,03:32
그대가 내 안에 박혔다,황치열,가요 / 발라드,03:55
DASH,NMIXX,가요 / 댄스,02:47
I WANNA KNOW,장하오 (ZEROBASEONE),가요 / 댄스,02:44
기억해줘요 내 모든 날과 그때를,화곡동 청개구리,가요 / 발라드,03:36
NO MORE (MA BOY),씨스타19,가요 / 댄스,02:45
시대유감 (時代遺憾) (2024 aespa Remake Ver.),aespa,가요 / 락,02:52
"yes, and?",Ariana Grande,POP / 팝,03:35
"Yes or No (Feat. 허윤진 of LE SSERAFIM, Crush)",그루비룸 (GroovyRoom),가요 / R&B/소울,02:59
소년,10cm,가요 / 인디,03:42
오늘이 마지막인 것처럼,강민경,OST / 드라마,03:55
그대가 해준 말,이하이,가요 / 발라드,04:05
All Night (Feat. Saweetie),IVE (아이브),가요 / 댄스,03:18
사랑했나봐,YB (윤도현 밴드),가요 / 락,03:52
Good Morning,YENA(최예나),가요 / 락,03:05
아직 사랑하는 사람이 있어요,KCM,가요 / 발라드,03:21
Nobody Knows,KISS OF LIFE,가요 / R&B/소울,03:16
광화문에서 (At Gwanghwamun),규현 (KYUHYUN),가요 / 발라드,04:43
멸망한 사랑 (Prod. 로코베리 & LAS),이젤 (EJel),가요 / 락,03:27
Love wins all,아이유 (IU),가요 / 발라드,04:31
Wife,(여자)아이들,가요 / 댄스,02:01
첫 만남은 계획대로 되지 않아,TWS (투어스),가요 / 전체,02:32
Ponytail,김재환,가요 / 댄스,03:30
@은영이에게,#안녕,가요 / 발라드,04:52
Like I Do,J.Tajor,POP / R&B/소울,02:29
어떤 미래,WOOZI (SEVENTEEN),가요 / 발라드,03:51
한번만 더,소수빈,가요 / R&B/소울,04:17
저 별들도 질투할 만큼,탑현,가요 / 발라드,03:32
GRAB ME,AB6IX (에이비식스),가요 / 댄스,03:16
내일 얘기해,"릴러말즈 (Leellamarz), meenoi (미노이)",가요 / 랩/힙합,02:57
Slowly (Feat. 헤이즈),I.M (아이엠),가요 / R&B/소울,03:16
Super Lady,(여자)아이들,가요 / 댄스,02:32
새벽 통화,적재,가요 / 발라드,03:04
널 미워하기로 했어,이예준,가요 / 발라드,04:17
Obsessed,Ayumu Imazu,POP / 팝,03:17
안 아름답고도 안 아프구나,원슈타인 (Wonstein),가요 / R&B/소울,02:45
사랑은 먼 길을 돌아온 메아리 같아서,2am,가요 / 발라드,04:10
FWB,창모 (CHANGMO),가요 / 랩/힙합,03:37
하루,에일리 (Ailee),가요 / 발라드,04:56
Beautiful Things,Benson Boone,POP / 팝,03:00
내일 이별,"김나영, 신용재",가요 / 발라드,04:32
밤양갱,비비(BIBI),가요 / R&B/소울,02:26
나는 아픈 건 딱 질색이니까,(여자)아이들,가요 / 댄스,02:42
Nightwalker,텐(TEN),가요 / 댄스,03:24
하루하루,경서예지,가요 / 발라드,03:57
Thinkin` About You,H1-KEY,가요 / R&B/소울,03:07
어땠을까 (Feat. 박정현),싸이 (Psy),가요 / 댄스,04:04
사랑에 연습이 있었다면 (Prod. 2soo),임재현,가요 / 발라드,04:16
Shopper,아이유 (IU),가요 / 락,03:36
홀씨,아이유 (IU),가요 / 랩/힙합,03:11
EASY,LE SSERAFIM (르세라핌),가요 / 랩/힙합,02:45
"Shh.. (Feat. 혜인(HYEIN), 조원선 & Special Narr. 패티김)",아이유 (IU),가요 / R&B/소울,03:47
관객이 될게 (I stan U),아이유 (IU),가요 / 락,03:13
Swan Song,LE SSERAFIM (르세라핌),가요 / 블루스/포크,02:37
천상연,이창섭,가요 / 발라드,04:31
Smart,LE SSERAFIM (르세라핌),가요 / R&B/소울,02:46
We got so much,LE SSERAFIM (르세라핌),가요 / R&B/소울,02:46
Good Bones,LE SSERAFIM (르세라핌),가요 / 락,02:40
좋겠다,"박보람, 허각",가요 / 발라드,04:36
와이셔츠를 다렸지,"릴러말즈 (Leellamarz), 양홍원",가요 / 랩/힙합,03:39
1분만,유겸 (YUGYEOM),가요 / R&B/소울,02:47
형 (兄),이보람,가요 / 발라드,04:09
ONE SPARK,TWICE,가요 / 댄스,03:04
WAY 4 LUV,PLAVE,가요 / 락,03:39
TAP,태용 (TAEYONG),가요 / 랩/힙합,02:38
Watch Me Woo!,PLAVE,가요 / 락,02:16
우리 영화,PLAVE,가요 / 랩/힙합,02:41
버추얼 아이돌,PLAVE,가요 / 랩/힙합,02:30
From,PLAVE,가요 / 발라드,03:29
Love or Die,CRAVITY,가요 / 댄스,02:47
Intrusive Thoughts,Natalie Jane,POP / 팝,03:21
민들레,승관 (SEVENTEEN),가요 / 발라드,04:34
Recuerdos de Buenos Aires,조민규,클래식 / 크로스오버,03:37
봄이 와도,로이킴,가요 / 발라드,03:58
AK47,Men`s Tear (맨스티어),가요 / 랩/힙합,02:41
속는 셈 치고 다시 만나자,케이시 (Kassy),가요 / 발라드,03:11
pocket locket,Alaina Castillo,POP / 팝,03:08
바람 바람아,정서주,가요 / 트로트,04:03
BODY,하이라이트(Highlight),가요 / 댄스,03:12
FRI(END)S,V,가요 / R&B/소울,02:28
EENIE MEENIE (Feat. 홍중(ATEEZ)),청하,가요 / 댄스,03:13
Wish You Hell,웬디 (WENDY),가요 / 락,02:50
자꾸만 웃게 돼,부석순 (SEVENTEEN),OST / 드라마,03:34
"묘해, 너와",태일 (TAEIL),가요 / 발라드,04:08
we can`t be friends (wait for your love),Ariana Grande,POP / 팝,03:49
오래된 노래,스탠딩 에그(Standing Egg),가요 / 발라드,04:33
Nectar,더보이즈(THE BOYZ),가요 / 댄스,03:04
Welcome to the Show,DAY6,가요 / 락,03:37
HAPPY,DAY6,가요 / 락,03:10
멈춰줘,헤이즈 (Heize),OST / 드라마,03:52
널 제외한 나의 뇌 (Get The Hell Out),DAY6,가요 / 락,02:46
나만 슬픈 엔딩,DAY6,가요 / 락,03:25
사랑하게 해주라,DAY6,가요 / 발라드,04:04
The Power of Love,DAY6,가요 / 락,03:23
그게 너의 사랑인지 몰랐어,DAY6,가요 / 발라드,03:59
고장난걸까,10cm,OST / 드라마,03:56
영원,DK,가요 / 발라드,04:01
봄이 왔나 봐 (Prod. 양다일),김종국,가요 / 발라드,03:18
개화 (Flowering),LUCY,가요 / 락,04:11
Bling-Bang-Bang-Born,Creepy Nuts,J-POP / R&B/힙합,02:48
Return,고요,가요 / 인디,03:27
Smoothie,NCT DREAM,가요 / 댄스,03:08
Magnetic,아일릿(ILLIT),가요 / 댄스,02:41
너의 편이 돼 줄게,다비치,가요 / 발라드,03:55
미안해 미워해 사랑해,크러쉬 (CRUSH),OST / 드라마,04:04
UNKNOWN,NCT DREAM,가요 / R&B/소울,03:34
BOX,NCT DREAM,가요 / 댄스,02:50
icantfeelanything,NCT DREAM,가요 / 댄스,02:12
숨 (Breathing),NCT DREAM,가요 / R&B/소울,04:13
STUPID IN LOVE (feat. HUH YUNJIN of LE SSERAFIM),MAX,POP / 팝,02:53
Love me or Leave me,DAY6,가요 / 락,03:43
"NEURON (with 개코, 윤미래)","j-hope, 개코, 윤미래",가요 / 랩/힙합,04:33
Carat Cake,NCT DREAM,가요 / 댄스,02:33
봄 내음보다 너를,김나영,가요 / 발라드,03:37
Lucky Girl Syndrome,아일릿(ILLIT),가요 / 댄스,02:20
My World,아일릿(ILLIT),가요 / 댄스,01:47
지지배(GGB),SUPER JUNIOR-D&E (동해&은혁),가요 / 댄스,03:28
Little Star,폴킴,가요 / 발라드,03:40
Deja Vu,투모로우바이투게더,가요 / 댄스,02:51
Siren,RIIZE,가요 / 댄스,02:28
그대... 떠나도,김호중,가요 / 발라드,04:37
쏜살,김호중,가요 / 트로트,03:27
Fallin`,홍이삭,OST / 드라마,04:17
청혼하지 않을 이유를 못 찾았어,이무진,가요 / 발라드,04:23
봄날에,김호중,가요 / 발라드,04:41
함께 가 줄래,김호중,가요 / 락,05:04
바람이 부는 날엔,김호중,가요 / 발라드,04:29
별 헤는 밤,김호중,가요 / 블루스/포크,04:41
칵테일 사랑,경서,가요 / 발라드,03:54
SHEESH,BABYMONSTER,가요 / 랩/힙합,02:50
고민중독,QWER,가요 / 락,02:56
내일에서 기다릴게 (I`ll See You There Tomorrow),투모로우바이투게더,가요 / 댄스,03:17
Miracle (기적은 너와 내가 함께하는 순간마다 일어나고 있어),투모로우바이투게더,가요 / 락,02:44
Midas Touch,KISS OF LIFE,가요 / 댄스,02:43
Midnight Fiction,아일릿(ILLIT),가요 / 댄스,02:48
Quarter Life,투모로우바이투게더,가요 / 락,02:29
The Killa (I Belong to You),투모로우바이투게더,가요 / 댄스,02:43
혹시 세상에 혼자 남겨진 것 같다면,우디(Woody),가요 / 락,03:01
Bye My Monster,온앤오프 (ONF),가요 / 댄스,03:27
좋아해요,폴킴,OST / 드라마,04:05
결국엔 당신입니다,김호중,가요 / 발라드,04:10
일기,김나영,OST / 드라마,03:58
단,노을,가요 / 발라드,03:48
슬픈 초대장,순순희(지환),가요 / 발라드,04:07
티라미수 케익,10cm,가요 / 블루스/포크,03:04
Say Yes,"로꼬 (LOCO), 펀치(Punch)",OST / 드라마,03:39
By Your Side,크러쉬 (CRUSH),가요 / R&B/소울,03:51
"Earth, Wind & Fire",BOYNEXTDOOR,가요 / 댄스,02:59
Impossible,RIIZE,가요 / 댄스,03:02
Last Chance,소수빈,OST / 드라마,04:09
Promise,최유리,OST / 드라마,03:57
반딧불 (Little Light),도영 (DOYOUNG),가요 / 락,03:45
하늘 여행,이찬원,가요 / 트로트,03:54
SPOT! (feat. JENNIE),지코 (ZICO),가요 / 랩/힙합,02:48
새봄의 노래 (Beginning),도영 (DOYOUNG),가요 / 발라드,03:29
Fortnight (Feat. Post Malone),Taylor Swift,POP / 팝,03:49
"Time Machine (Feat. 태연, 마크)",도영 (DOYOUNG),가요 / 발라드,03:28
소나기,이클립스,OST / 드라마,03:54
나의 바다에게 (From Little Wave),도영 (DOYOUNG),가요 / 락,03:56
FREAK,우기 ((여자)아이들),가요 / 댄스,02:51
떨림,dori,OST / 드라마,03:41
오늘 헤어졌어요 (2024),케이시 (Kassy),OST / 드라마,04:19
내가 됐으면 해 (Serenade),도영 (DOYOUNG),가요 / R&B/소울,03:06
미치게 그리워서,안세하,가요 / 발라드,03:35
MAESTRO,세븐틴,가요 / 댄스,03:19
해야 (HEYA),IVE (아이브),가요 / 댄스,03:10
청춘찬가,세븐틴,가요 / 락,03:12
Accendio,IVE (아이브),가요 / 댄스,03:12
LALALI,세븐틴,가요 / 랩/힙합,02:52
청혼,김수현,OST / 드라마,03:40
해바라기,황영웅,가요 / 트로트,03:57
Spell,세븐틴,가요 / 댄스,03:18
Blue Heart,IVE (아이브),가요 / 댄스,03:08
One Kiss,RIIZE,가요 / 댄스,03:32
사랑을 하기는 했나 봐,"허각, 지아 (Zia)",가요 / 발라드,03:41
Ima -Even if the world ends tomorrow- (Korean Ver.),세븐틴,가요 / 댄스,03:12
Ice Queen,IVE (아이브),가요 / 댄스,03:03
Honestly,RIIZE,가요 / R&B/소울,03:14
CALL CALL CALL! (Korean Ver.),세븐틴,가요 / 댄스,03:21
늦은 밤 너의 집 앞 골목길에서,이예준,가요 / 발라드,03:47
WOW,IVE (아이브),가요 / 댄스,02:59
9 Days,RIIZE,가요 / 댄스,02:40
Popcorn,디오 (D.O.),가요 / 발라드,03:01
RESET,IVE (아이브),가요 / 댄스,02:41
너랑 밤새고 싶어,10cm,가요 / 인디,03:55
"그래, 늘 그랬듯 언제나",이창섭,가요 / 발라드,03:50
There`s Nothing Holdin` Me Back,Shawn Mendes,POP / 팝,03:20
24H (Korean Ver.),세븐틴,가요 / 댄스,03:08
온기,임영웅,가요 / 발라드,03:55
Home,임영웅,가요 / 댄스,03:55
Come back to me,RM,가요 / 랩/힙합,06:29
그랬나봐,유회승 (N.Flying),OST / 드라마,04:21
Mars,디오 (D.O.),가요 / 발라드,03:07
Run Run,이클립스,OST / 드라마,03:35
꿈결같아서,민니 ((여자)아이들),OST / 드라마,04:09
You & I,이클립스,OST / 드라마,02:49
I`ll Be There,이클립스,OST / 드라마,03:53
"나만큼 (Amaid) (Prod. Dynamicduo, Padi)",김재환,가요 / 댄스,02:58
These Tears,Andy Grammer,POP / 팝,02:50
Star,엔플라잉 (N.Flying),OST / 드라마,03:38
만날테니까,이클립스,OST / 드라마,02:48
그랬나봐,김형중,가요 / 발라드,04:29
넌 어디에,헤이즈 (Heize),가요 / 발라드,03:53
A Day,종호(에이티즈),OST / 드라마,03:53
무슨 일 있었니,박재정,가요 / 발라드,04:01
Supernova,aespa,가요 / 일렉트로니카,03:48
200,마크 (MARK),가요 / 락,02:45
Girls Never Die,tripleS (트리플에스),가요 / 댄스,03:08
Feel the POP,ZEROBASEONE (제로베이스원),가요 / 댄스,02:56
봄눈,10cm,OST / 드라마,03:22
내 입술 따뜻한 커피처럼,"조이 (JOY), BIG Naughty (서동현)",가요 / 발라드,03:21
이별하고 나서야 깨달았어,임한별,가요 / 발라드,03:51
G.T.H.O.,PITTA (강형호),가요 / 락,03:28
Espresso,Sabrina Carpenter,POP / 팝,02:55
How Sweet,NewJeans,가요 / 댄스,03:39
Bubble Gum,NewJeans,가요 / 댄스,03:20
사랑과 우정사이,멜로망스(MeloMance),가요 / 발라드,04:18
거짓말처럼,"TOIL, Gist",가요 / 락,03:03
LOST!,RM,가요 / 랩/힙합,03:53
TOMBOY,혁오 (hyukoh),가요 / 락,04:02
LUNCH,Billie Eilish,POP / 락,03:00
선물,하성운,OST / 드라마,04:50
Armageddon,aespa,가요 / 일렉트로니카,03:08
WORK,ATEEZ (에이티즈),가요 / 댄스,02:52
Set The Tone,aespa,가요 / 댄스,03:23
Live My Life,aespa,가요 / 락,02:39
Licorice,aespa,가요 / 댄스,02:39
BAHAMA,aespa,가요 / 댄스,03:11
Long Chat (#♥),aespa,가요 / 댄스,03:16
Mine,aespa,가요 / 댄스,03:13
Prologue,aespa,가요 / R&B/소울,03:14
목소리 (Melody),aespa,가요 / 발라드,03:08
KING KONG,TREASURE (트레저),가요 / 댄스,03:16
Blue Moon,엔플라잉 (N.Flying),가요 / 락,03:35
Taxi Blurr (Feat. 나띠 of KISS OF LIFE),박재범,가요 / R&B/소울,03:51
Never Let Go,정국,가요 / 댄스,02:47
Hero,AKMU (악뮤),가요 / 블루스/포크,03:20
롱디,AKMU (악뮤),가요 / 블루스/포크,03:03
답답해,AKMU (악뮤),가요 / 댄스,02:56
케익의 평화,AKMU (악뮤),가요 / R&B/소울,03:34
hey! hey!,TWS (투어스),가요 / 댄스,03:13
가장 찬란한 빛으로 쏟아지는,HYNN(박혜원),가요 / 발라드,04:06
Lips (Feat. 지젤 of aespa),볼빨간사춘기,가요 / 락,03:03
Balloon in Love,선미,가요 / 댄스,03:14
그대가 웃으면 좋아,박지현,가요 / 트로트,03:26
스물한 번째 계절이 널 기다릴 테니까,XIA(준수),가요 / 락,04:28
ABCD,나연 (TWICE),가요 / R&B/소울,02:43
Boom Boom Bass,RIIZE,가요 / 댄스,02:33
어젯밤 (Guitar by 박주원),정한 X 원우 (SEVENTEEN),가요 / 댄스,02:57
오래된 노래,"허각, 임한별, 이무진, 이진성, 김희재, #안녕",가요 / 발라드,04:18
Small girl (feat. 도경수(D.O.)),이영지,가요 / 랩/힙합,03:10
산책,성시경,가요 / 발라드,04:36
휴지통,정한 X 원우 (SEVENTEEN),가요 / 발라드,03:48
Supernatural,NewJeans,J-POP / 팝,03:11
Right Now,NewJeans,J-POP / 팝,02:40
Million Dollar Baby,Tommy Richman,POP / 랩/힙합,02:35
내게 어울릴 이별 노래가 없어 (Prod. 윤상),케이윌 (K.Will),가요 / 발라드,03:09
Cosmic,레드벨벳(Red Velvet),가요 / 댄스,03:46
Smeraldo Garden Marching Band (feat. 로꼬),"지민, 로꼬 (LOCO)",가요 / 랩/힙합,03:03
내가 S면 넌 나의 N이 되어줘,TWS (투어스),가요 / 댄스,02:48
내가 그댈,하동균,가요 / R&B/소울,03:54
네가 내 마음에 자리 잡았다 (Into You),엔플라잉 (N.Flying),가요 / 락,02:38
바람이 불지 않은 것처럼,연변대학최씨,가요 / 발라드,02:43
여름이잖아 (Feat. 마크 of NCT),BIG Naughty (서동현),가요 / R&B/소울,02:39
사랑했던 널 지우는 일,먼데이 키즈 (Monday Kiz),가요 / 발라드,03:44
Sunflower,레드벨벳(Red Velvet),가요 / 댄스,03:17
ADHD (feat. 잠비노 (Jambino)),이영지,가요 / 랩/힙합,03:14
Sticky,KISS OF LIFE,가요 / 댄스,02:37
고민중독 (Ballad Ver.),"허용별 (허각, 신용재, 임한별)",가요 / 발라드,03:45
"踊り子 (무희, odoriko)",Vaundy,J-POP / 락,03:49
애상,이무진,가요 / 발라드,03:27
FOREVER,BABYMONSTER,가요 / 댄스,03:33
Cheeky Icy Thang,STAYC(스테이씨),가요 / 댄스,02:31
Rockstar,리사 (LISA),POP / 팝,02:18
사랑했었다,"이영현, 박민혜",가요 / 인디,04:11
폭죽타임,이승윤,가요 / 락,03:18
폭포,이승윤,가요 / 락,06:04
...사랑했잖아,린 (LYn),가요 / 발라드,04:01
공주에서,박서진,가요 / 트로트,03:31
별아 별아,박서진,가요 / 트로트,03:37
Songbird (Korean Ver.),NCT WISH,가요 / 댄스,03:02
티라미수 케익 (Feat. 최유리) (원곡가수 위아더나잇),김성철,OST / 드라마,03:11
한 편의 영화 같은 널 사랑했어,벤 (Ben),가요 / 발라드,03:49
클락션 (Klaxon),(여자)아이들,가요 / 댄스,02:55
Heaven,태연 (TAEYEON),가요 / 댄스,02:33
XO (Only If You Say Yes),ENHYPEN,가요 / 댄스,03:08
Congratulations,DAY6,가요 / 락,03:49
Young Man,"혁오 (hyukoh), Sunset Rollercoaster 落日飛車",가요 / 락,04:17
Aoi Sangosho,Seiko Matsuda,J-POP / 팝,03:41
행복했던 날들이었다,DAY6,가요 / 락,03:25
Chk Chk Boom,Stray Kids (스트레이 키즈),가요 / 랩/힙합,02:28
삐그덕 (Walk),NCT 127,가요 / 랩/힙합,03:12
Who,지민,가요 / 댄스,02:51
사랑인걸,허각,가요 / 발라드,04:18
Be Mine,지민,가요 / 댄스,03:27
T의 연애,탑현,가요 / 발라드,02:55
Slow Dance (feat. Sofia Carson),"지민, Sofia Carson",가요 / R&B/소울,03:08
Rebirth (Intro),지민,가요 / R&B/소울,02:25
사랑한다는 말의 뜻을 알아가자 (Meaning of Love),NCT 127,가요 / R&B/소울,02:48
OST ( Feat.CHANMINA ),ASH ISLAND,가요 / 전체,03:01
Interlude : Showtime,지민,가요 / R&B/소울,01:19
밤새도록 어떤 말을 할까 고민해 봤어,경서,가요 / 인디,03:24
Pricey,NCT 127,가요 / R&B/소울,02:58
어린왕자,서은광,가요 / 발라드,04:21
웃으며,신예영,가요 / 발라드,05:11
한여름밤의 꿀,"산이 (San E), 레이나",가요 / 랩/힙합,03:53
여름아 부탁해,권은비,가요 / 댄스,03:59
다시 여기 바닷가,"싹쓰리 (유두래곤, 린다G, 비룡)",가요 / 댄스,03:54
참 다행이야,S.Papa,가요 / 발라드,04:34
뜨거운 안녕 (Feat. 성시경),싸이 (Psy),가요 / 댄스,03:29
플러팅,황인욱,가요 / 발라드,04:06
Brought The Heat Back,ENHYPEN,가요 / R&B/소울,02:56
Dance The Night Away,TWICE,가요 / 댄스,03:01
Way Back Home,숀 (SHAUN),가요 / 일렉트로니카,03:34
LAST PARADE,뱀뱀 (BamBam),가요 / 댄스,03:08
Dive,윤산하 (ASTRO),가요 / R&B/소울,02:49
Ice Cream,전소미,가요 / 댄스,03:01
17,도영 (DOYOUNG),가요 / 발라드,02:51
Supersonic,프로미스나인 (fromis_9),가요 / 댄스,02:54
BIRDS OF A FEATHER,Billie Eilish,POP / 락,03:30
혼술하고 싶은 밤,벤 (Ben),가요 / 발라드,03:36
Pump Up The Volume!,PLAVE,가요 / 락,02:59
Sexy In The Air,태민 (TAEMIN),가요 / 댄스,03:15
별별별 (See that?),NMIXX,가요 / 댄스,03:03
도망가자 (Run With Me),로이킴,가요 / 발라드,04:30
Die With A Smile,"Lady Gaga, Bruno Mars",POP / 팝,04:12
New Woman (Feat. ROSALIA),리사 (LISA),POP / 팝,03:00
처음 보는 나,죠지,가요 / 발라드,04:16
혼술하고 싶은 밤,임한별,가요 / 발라드,04:00
Smoke,재현 (JAEHYUN),가요 / R&B/소울,02:50
GOOD SO BAD,ZEROBASEONE (제로베이스원),가요 / 댄스,02:58
Classified,오마이걸 (OH MY GIRL),가요 / 댄스,03:15
CRAZY,LE SSERAFIM (르세라핌),가요 / 댄스,02:45
I`m Not The Only One,"Sam Smith, 태연 (TAEYEON)",POP / 팝,04:00
Rains in Heaven,NCT DREAM,POP / 팝,03:58
녹아내려요,DAY6,가요 / 락,02:46
매력 (beat drum),온유 (ONEW),가요 / 랩/힙합,02:21
그녀가 웃었다,DAY6,가요 / 락,03:23
괴물,DAY6,가요 / 락,03:37
태양물고기,윤하,가요 / 락,03:39
아직 거기 살아,DAY6,가요 / 발라드,03:19
망겜,DAY6,가요 / 락,03:09
도와줘요 Rock&Roll,DAY6,가요 / 락,02:37
슈퍼슈퍼 (SuperSuper),영탁,가요 / 댄스,02:26
COUNTER,DAY6,가요 / 락,02:58
Pineapple Slice,백현 (BAEKHYUN),가요 / R&B/소울,03:16
I`m Fine,DAY6,가요 / 락,03:16
사랑옥 (思郞屋),영탁,가요 / 트로트,02:43
부모님 관람불가,BOYNEXTDOOR,가요 / 랩/힙합,02:24
"사랑이 죄야? (Feat. 10CM, B.I)",KIXO (키조),가요 / 인디,03:23
위태로울걸,오반 (OVAN),가요 / 인디,03:50
가짜 아이돌,QWER,가요 / 락,02:39
Starry Night,FIFTY FIFTY,가요 / 댄스,03:05
죽일 놈 (Guilty),다이나믹 듀오 (Dynamic Duo),가요 / 랩/힙합,03:44
자니 (Feat. DYNAMICDUO),프라이머리 (Primary),가요 / 랩/힙합,03:54
맹그로브,윤하,가요 / 락,03:00
가을이 오려나,영탁,가요 / 발라드,03:21
Combo,RIIZE,가요 / 락,03:40
Nice Guy,BOYNEXTDOOR,가요 / 댄스,02:45
MEOW,MEOVV (미야오),가요 / 랩/힙합,02:52
돌멩이,BOYNEXTDOOR,가요 / 댄스,03:17
스물,BOYNEXTDOOR,가요 / R&B/소울,02:48
Dunk Shot,NCT WISH,가요 / 댄스,02:59
Call Me,BOYNEXTDOOR,가요 / R&B/소울,02:58
Zombie,DAY6,가요 / 락,03:29
