아티스트,dcinside_ID,작성일,조회수,추천수
AKMU (악뮤),akdong,24.09.28,20,0
AKMU (악뮤),akdong,24.09.23,41,0
AKMU (악뮤),akdong,24.09.04,54,0
AKMU (악뮤),akdong,24.07.18,176,0
AKMU (악뮤),akdong,24.07.14,158,0
AKMU (악뮤),akdong,24.07.10,135,0
AKMU (악뮤),akdong,24.06.28,193,0
AKMU (악뮤),akdong,24.06.27,290,0
AKMU (악뮤),akdong,24.06.26,313,0
AKMU (악뮤),akdong,24.06.17,183,0
AKMU (악뮤),akdong,24.06.16,587,0
AKMU (악뮤),akdong,24.06.15,471,0
AKMU (악뮤),akdong,24.06.07,964,0
AKMU (악뮤),akdong,24.06.03,498,0
AKMU (악뮤),akdong,24.05.22,344,0
AKMU (악뮤),akdong,24.05.15,334,1
AKMU (악뮤),akdong,24.04.19,563,0
AKMU (악뮤),akdong,24.04.16,544,0
AKMU (악뮤),akdong,24.04.14,371,0
AKMU (악뮤),akdong,24.04.02,1077,0
AKMU (악뮤),akdong,24.03.31,480,0
AKMU (악뮤),akdong,24.03.30,1011,4
AKMU (악뮤),akdong,24.03.24,511,1
AKMU (악뮤),akdong,24.03.22,900,0
AKMU (악뮤),akdong,24.03.21,368,1
AKMU (악뮤),akdong,24.03.03,1160,9
AKMU (악뮤),akdong,24.03.01,458,0
AKMU (악뮤),akdong,24.02.18,531,0
AKMU (악뮤),akdong,24.02.17,685,0
AKMU (악뮤),akdong,24.02.16,469,4
AKMU (악뮤),akdong,24.02.15,426,0
AKMU (악뮤),akdong,24.02.12,414,0
AKMU (악뮤),akdong,24.02.11,429,0
AKMU (악뮤),akdong,24.02.09,518,2
AKMU (악뮤),akdong,24.02.08,400,0
AKMU (악뮤),akdong,24.02.08,14538,0
AKMU (악뮤),akdong,24.02.05,445,0
AKMU (악뮤),akdong,24.02.02,390,1
AKMU (악뮤),akdong,24.01.31,753,2
AKMU (악뮤),akdong,24.01.20,502,0
AKMU (악뮤),akdong,24.01.12,998,0
AKMU (악뮤),akdong,24.01.04,842,0
AKMU (악뮤),akdong,24.01.01,882,0
AKMU (악뮤),akdong,23.12.17,17011,0
AKMU (악뮤),akdong,23.11.21,1057,0
AKMU (악뮤),akdong,23.11.13,1273,6
AKMU (악뮤),akdong,23.10.31,508,1
AKMU (악뮤),akdong,23.09.26,450,1
