artist,response.error
악뮤,"HTTPError: 429, Message: "
다이나믹 듀오,"HTTPError: 429, Message: "
이영지,"HTTPError: 429, Message: "
뉴진스,"HTTPError: 429, Message: "
정국,"HTTPError: 429, Message: "
전소미,"HTTPError: 429, Message: "
박재정,"HTTPError: 429, Message: "
화사,"HTTPError: 429, Message: "
아이브,"HTTPError: 429, Message: "
우디,"HTTPError: 429, Message: "
스테이씨,"HTTPError: 429, Message: "
여자 아이들,"HTTPError: 429, Message: "
르세라핌,"HTTPError: 429, Message: "
라우브,"HTTPError: 429, Message: "
에스파,"HTTPError: 429, Message: "
로이킴,"HTTPError: 429, Message: "
윤하,"HTTPError: 429, Message: "
서동현,"HTTPError: 429, Message: "
폴 블랑코,"HTTPError: 429, Message: "
라이즈,"HTTPError: 429, Message: "
있지,"HTTPError: 429, Message: "
성시경,"HTTPError: 429, Message: "
임영웅,"HTTPError: 429, Message: "
디케이,"HTTPError: 429, Message: "
잔나비,"HTTPError: 429, Message: "
탑현,"HTTPError: 429, Message: "
찰리 푸스,"HTTPError: 429, Message: "
뷔,"HTTPError: 429, Message: "
멜로망스,"HTTPError: 429, Message: "
세븐틴,"HTTPError: 429, Message: "
크러쉬,"HTTPError: 429, Message: "
하이키,"HTTPError: 429, Message: "
지수,"HTTPError: 429, Message: "
임한별,"HTTPError: 429, Message: "
김민석,"HTTPError: 429, Message: "
엔시티 유,"HTTPError: 429, Message: "
더 키드 라로이,"HTTPError: 429, Message: "
저스틴 비버,"HTTPError: 429, Message: "
이세계 아이돌,"HTTPError: 429, Message: "
경서예지,"HTTPError: 429, Message: "
전건호,"HTTPError: 429, Message: "
허각,"HTTPError: 429, Message: "
부석순,"HTTPError: 429, Message: "
디오,"HTTPError: 429, Message: "
케이시,"HTTPError: 429, Message: "
#안녕,"HTTPError: 429, Message: "
우효,"HTTPError: 429, Message: "
지민,"HTTPError: 429, Message: "
피프티 피프티,"HTTPError: 429, Message: "
김연지,"HTTPError: 429, Message: "
엔시티 드림,"HTTPError: 429, Message: "
방탄소년단,"HTTPError: 429, Message: "
이무진,"HTTPError: 429, Message: "
폴킴,"HTTPError: 429, Message: "
제이세라,"HTTPError: 429, Message: "
어거스트 디,"HTTPError: 429, Message: "
테이,"HTTPError: 429, Message: "
지아,"HTTPError: 429, Message: "
오마이걸,"HTTPError: 429, Message: "
10cm,"HTTPError: 429, Message: "
경서,"HTTPError: 429, Message: "
도자 캣,"HTTPError: 429, Message: "
던,"HTTPError: 429, Message: "
권은비,"HTTPError: 429, Message: "
바이브,"HTTPError: 429, Message: "
너드커넥션,"HTTPError: 429, Message: "
잭 에프론,"HTTPError: 429, Message: "
젠데이아,"HTTPError: 429, Message: "
아이유,"HTTPError: 429, Message: "
릴러말즈,"HTTPError: 429, Message: "
보이넥스트도어,"HTTPError: 429, Message: "
임재현,"HTTPError: 429, Message: "
요아소비,"HTTPError: 429, Message: "
블랙핑크,"HTTPError: 429, Message: "
데이식스,"HTTPError: 429, Message: "
제이홉,"HTTPError: 429, Message: "
제이콜,"HTTPError: 429, Message: "
백아,"HTTPError: 429, Message: "
이마세,"HTTPError: 429, Message: "
크리스토퍼,"HTTPError: 429, Message: "
청하,"HTTPError: 429, Message: "
디제이 프리미어,"HTTPError: 429, Message: "
영탁,"HTTPError: 429, Message: "
주호,"HTTPError: 429, Message: "
키스 오브 라이프,"HTTPError: 429, Message: "
거미,"HTTPError: 429, Message: "
지코,"HTTPError: 429, Message: "
앤 마리,"HTTPError: 429, Message: "
죠지,"HTTPError: 429, Message: "
비투비,"HTTPError: 429, Message: "
WSG워너비,"HTTPError: 429, Message: "
이연,"HTTPError: 429, Message: "
제로베이스원,"HTTPError: 429, Message: "
이채연,"HTTPError: 429, Message: "
손디아,"HTTPError: 429, Message: "
에일리,"HTTPError: 429, Message: "
노을,"HTTPError: 429, Message: "
백예린,"HTTPError: 429, Message: "
샘 스미스,"HTTPError: 429, Message: "
허용별,"HTTPError: 429, Message: "
댄 앤 셰이,"HTTPError: 429, Message: "
에드 시런,"HTTPError: 429, Message: "
정은지,"HTTPError: 429, Message: "
서인국,"HTTPError: 429, Message: "
데이먼스 이어,"HTTPError: 429, Message: "
엔믹스,"HTTPError: 429, Message: "
마크툽,"HTTPError: 429, Message: "
헤이즈,"HTTPError: 429, Message: "
김승민,"HTTPError: 429, Message: "
엠씨더맥스,"HTTPError: 429, Message: "
유우리,"HTTPError: 429, Message: "
비오,"HTTPError: 429, Message: "
태연,"HTTPError: 429, Message: "
엔시티 127,"HTTPError: 429, Message: "
제니,"HTTPError: 429, Message: "
김호중,"HTTPError: 429, Message: "
리그 오브 레전드,"HTTPError: 429, Message: "
최유리,"HTTPError: 429, Message: "
도리,"HTTPError: 429, Message: "
온앤오프,"HTTPError: 429, Message: "
투모로우바이투게더,"HTTPError: 429, Message: "
쿠기,"HTTPError: 429, Message: "
이효리,"HTTPError: 429, Message: "
토일,"HTTPError: 429, Message: "
키드 와인,"HTTPError: 429, Message: "
나얼,"HTTPError: 429, Message: "
센트럴 씨,"HTTPError: 429, Message: "
선미,"HTTPError: 429, Message: "
플레이브,"HTTPError: 429, Message: "
빅마마,"HTTPError: 429, Message: "
양다일,"HTTPError: 429, Message: "
로꼬,"HTTPError: 429, Message: "
정승환,"HTTPError: 429, Message: "
포지션,"HTTPError: 429, Message: "
김필,"HTTPError: 429, Message: "
태민,"HTTPError: 429, Message: "
황영웅,"HTTPError: 429, Message: "
범진,"HTTPError: 429, Message: "
에픽하이,"HTTPError: 429, Message: "
기리보이,"HTTPError: 429, Message: "
박은빈,"HTTPError: 429, Message: "
스트레이 키즈,"HTTPError: 429, Message: "
포레스텔라,"HTTPError: 429, Message: "
아리아나 그란데,"HTTPError: 429, Message: "
시아,"HTTPError: 429, Message: "
엑소,"HTTPError: 429, Message: "
주주 시크릿,"HTTPError: 429, Message: "
레드벨벳,"HTTPError: 429, Message: "
다비치,"HTTPError: 429, Message: "
머라이어 캐리,"HTTPError: 429, Message: "
김나영,"HTTPError: 429, Message: "
엔하이픈,"HTTPError: 429, Message: "
이찬원,"HTTPError: 429, Message: "
켈리 클락슨,"HTTPError: 429, Message: "
박효신,"HTTPError: 429, Message: "
이석훈,"HTTPError: 429, Message: "
빅스,"HTTPError: 429, Message: "
알레시아 카라,"HTTPError: 429, Message: "
딘,"HTTPError: 429, Message: "
큐더블유이알,"HTTPError: 429, Message: "
더보이즈,"HTTPError: 429, Message: "
윈터,"HTTPError: 429, Message: "
SG워너비,"HTTPError: 429, Message: "
브라운 아이드 걸스,"HTTPError: 429, Message: "
에이티즈,"HTTPError: 429, Message: "
베이비몬스터,"HTTPError: 429, Message: "
에이바 맥스,"HTTPError: 429, Message: "
스트레이트 노 체이서,"HTTPError: 429, Message: "
왬,"HTTPError: 429, Message: "
김동률,"HTTPError: 429, Message: "
원탑,"HTTPError: 429, Message: "
권진아,"HTTPError: 429, Message: "
자이언티,"HTTPError: 429, Message: "
비비지,"HTTPError: 429, Message: "
마이클 부블레,"HTTPError: 429, Message: "
볼빨간사춘기,"HTTPError: 429, Message: "
이하이,"HTTPError: 429, Message: "
순순희,"HTTPError: 429, Message: "
조나스 브라더스,"HTTPError: 429, Message: "
애쉬 아일랜드,"HTTPError: 429, Message: "
트와이스,"HTTPError: 429, Message: "
여동생,"HTTPError: 429, Message: "
싱어게인3 49호 가수,"HTTPError: 429, Message: "
브렌다 리,"HTTPError: 429, Message: "
존 레전드,"HTTPError: 429, Message: "
박종민,"HTTPError: 429, Message: "
김진표,"HTTPError: 429, Message: "
테일러 스위프트,"HTTPError: 429, Message: "
린,"HTTPError: 429, Message: "
우주소녀,"HTTPError: 429, Message: "
이찬혁,"HTTPError: 429, Message: "
가호,"HTTPError: 429, Message: "
피타,"HTTPError: 429, Message: "
2am,"HTTPError: 429, Message: "
츄,"HTTPError: 429, Message: "
안세하,"HTTPError: 429, Message: "
규현,"HTTPError: 429, Message: "
홍이삭,"HTTPError: 429, Message: "
소수빈,"HTTPError: 429, Message: "
먼데이 키즈,"HTTPError: 429, Message: "
에스에프나인,"HTTPError: 429, Message: "
이지,"HTTPError: 429, Message: "
황치열,"HTTPError: 429, Message: "
장하오,"HTTPError: 429, Message: "
화곡동 청개구리,"HTTPError: 429, Message: "
씨스타19,"HTTPError: 429, Message: "
그루비룸,"HTTPError: 429, Message: "
강민경,"HTTPError: 429, Message: "
윤도현 밴드,"HTTPError: 429, Message: "
최예나,"HTTPError: 429, Message: "
케이씨엠,"HTTPError: 429, Message: "
이젤,"HTTPError: 429, Message: "
투어스,"HTTPError: 429, Message: "
김재환,"HTTPError: 429, Message: "
제이 타조,"HTTPError: 429, Message: "
우지,"HTTPError: 429, Message: "
에이비식스,"HTTPError: 429, Message: "
미노이,"HTTPError: 429, Message: "
아이엠,"HTTPError: 429, Message: "
적재,"HTTPError: 429, Message: "
이예준,"HTTPError: 429, Message: "
아유무 이마즈,"HTTPError: 429, Message: "
원슈타인,"HTTPError: 429, Message: "
창모,"HTTPError: 429, Message: "
벤슨 분,"HTTPError: 429, Message: "
신용재,"HTTPError: 429, Message: "
비비,"HTTPError: 429, Message: "
텐,"HTTPError: 429, Message: "
산들,"HTTPError: 429, Message: "
주시크,"HTTPError: 429, Message: "
싸이,"HTTPError: 429, Message: "
이창섭,"HTTPError: 429, Message: "
박보람,"HTTPError: 429, Message: "
양홍원,"HTTPError: 429, Message: "
유겸,"HTTPError: 429, Message: "
이보람,"HTTPError: 429, Message: "
태용,"HTTPError: 429, Message: "
크래비티,"HTTPError: 429, Message: "
나탈리 제인,"HTTPError: 429, Message: "
승관,"HTTPError: 429, Message: "
조민규,"HTTPError: 429, Message: "
페더 엘리아스,"HTTPError: 429, Message: "
맨스 티어,"HTTPError: 429, Message: "
알라이나 카스틸로,"HTTPError: 429, Message: "
정서주,"HTTPError: 429, Message: "
장범준,"HTTPError: 429, Message: "
하이라이트,"HTTPError: 429, Message: "
웬디,"HTTPError: 429, Message: "
태일,"HTTPError: 429, Message: "
하이포,"HTTPError: 429, Message: "
버스커 버스커,"HTTPError: 429, Message: "
유주,"HTTPError: 429, Message: "
스탠딩 에그,"HTTPError: 429, Message: "
김종국,"HTTPError: 429, Message: "
루시,"HTTPError: 429, Message: "
크리피 넛츠,"HTTPError: 429, Message: "
고요,"HTTPError: 429, Message: "
아일릿,"HTTPError: 429, Message: "
맥스,"HTTPError: 429, Message: "
개코,"HTTPError: 429, Message: "
윤미래,"HTTPError: 429, Message: "
슈퍼주니어 D&E,"HTTPError: 429, Message: "
케이윌,"HTTPError: 429, Message: "
빅뱅,"HTTPError: 429, Message: "
펀치,"HTTPError: 429, Message: "
도영,"HTTPError: 429, Message: "
이클립스,"HTTPError: 429, Message: "
김수현,"HTTPError: 429, Message: "
숀 멘데스,"HTTPError: 429, Message: "
알엠,"HTTPError: 429, Message: "
유회승,"HTTPError: 429, Message: "
앤디 그래머,"HTTPError: 429, Message: "
엔플라잉,"HTTPError: 429, Message: "
김형중,"HTTPError: 429, Message: "
종호,"HTTPError: 429, Message: "
마크,"HTTPError: 429, Message: "
트리플에스,"HTTPError: 429, Message: "
조이,"HTTPError: 429, Message: "
사브리나 카펜터,"HTTPError: 429, Message: "
지스트,"HTTPError: 429, Message: "
혁오,"HTTPError: 429, Message: "
빌리 아일리시,"HTTPError: 429, Message: "
하성운,"HTTPError: 429, Message: "
트레저,"HTTPError: 429, Message: "
박재범,"HTTPError: 429, Message: "
박혜원,"HTTPError: 429, Message: "
박지현,"HTTPError: 429, Message: "
나연,"HTTPError: 429, Message: "
정한 X 원우,"HTTPError: 429, Message: "
이진성,"HTTPError: 429, Message: "
김희재,"HTTPError: 429, Message: "
토미 리치맨,"HTTPError: 429, Message: "
하동균,"HTTPError: 429, Message: "
연변대학최씨,"HTTPError: 429, Message: "
바운디,"HTTPError: 429, Message: "
리사,"HTTPError: 429, Message: "
이영현,"HTTPError: 429, Message: "
박민혜,"HTTPError: 429, Message: "
이승윤,"HTTPError: 429, Message: "
박서진,"HTTPError: 429, Message: "
엔시티 위시,"HTTPError: 429, Message: "
김성철,"HTTPError: 429, Message: "
벤,"HTTPError: 429, Message: "
선셋 롤러코스터,"HTTPError: 429, Message: "
세이코 마츠다,"HTTPError: 429, Message: "
소피아 카슨,"HTTPError: 429, Message: "
서은광,"HTTPError: 429, Message: "
신예영,"HTTPError: 429, Message: "
거북이,"HTTPError: 429, Message: "
산이,"HTTPError: 429, Message: "
레이나,"HTTPError: 429, Message: "
싹쓰리,"HTTPError: 429, Message: "
에스 파파,"HTTPError: 429, Message: "
황인욱,"HTTPError: 429, Message: "
숀,"HTTPError: 429, Message: "
뱀뱀,"HTTPError: 429, Message: "
윤산하,"HTTPError: 429, Message: "
프로미스나인,"HTTPError: 429, Message: "
레이디 가가,"HTTPError: 429, Message: "
브루노 마스,"HTTPError: 429, Message: "
재현,"HTTPError: 429, Message: "
온유,"HTTPError: 429, Message: "
백현,"HTTPError: 429, Message: "
키조,"HTTPError: 429, Message: "
오반,"HTTPError: 429, Message: "
프라이머리,"HTTPError: 429, Message: "
미야오,"HTTPError: 429, Message: "
요네즈 켄시,"HTTPError: 429, Message: "
